guten_genre,p_tag_count,comma_count,colon_count,hyphen_count,TTR,Positive,Neutral,Negative,FleschK_score,CC,PRP,PRP$,IN,NNP,period_count
Detective and Mystery,2283,5669,18,850,0.154,0.194,0.673,0.133,51.398,22,6,0,688,17,382883
Literary,268,962,54,311,0.348,0.232,0.651,0.118,41.849,8,2,0,137,4,104178
Literary,3510,11771,415,2664,0.113,0.240,0.618,0.142,58.161,23,15,8,1473,23,821156
Western Stories,3332,5798,17,1358,0.137,0.164,0.729,0.107,64.087,56,29,4,1011,23,506644
Literary,472,1429,39,282,0.262,0.254,0.587,0.159,54.611,4,1,0,237,1,98120
Literary,252,2490,79,502,0.307,0.268,0.636,0.096,45.375,14,2,1,375,6,157261
Detective and Mystery,1252,3090,57,742,0.194,0.173,0.715,0.112,41.255,11,2,0,400,7,236954
Literary,2608,4919,52,455,0.163,0.196,0.729,0.075,62.392,13,10,2,912,31,409180
Literary,2415,4056,51,517,0.162,0.189,0.722,0.089,58.112,15,7,1,899,20,368020
Literary,2950,3991,11,1168,0.138,0.249,0.614,0.137,64.265,10,12,1,628,18,384798
Literary,1079,8188,152,666,0.142,0.190,0.674,0.137,49.746,48,7,0,1065,35,449675
Literary,3302,5914,17,2081,0.136,0.239,0.612,0.149,59.316,34,6,1,1218,19,569210
Literary,1806,5577,192,1440,0.138,0.233,0.632,0.135,51.743,17,5,1,532,15,408094
Literary,1935,7374,190,2981,0.146,0.229,0.656,0.114,50.176,25,11,1,1406,32,648143
Literary,1353,6509,154,1118,0.193,0.236,0.631,0.133,39.670,19,9,3,1239,12,516228
Ghost and Horror,124,1260,27,310,0.387,0.213,0.668,0.119,42.795,3,1,0,131,2,82930
Literary,320,1337,67,260,0.323,0.244,0.628,0.128,35.623,7,3,0,151,2,134164
Literary,123,422,15,54,0.417,0.187,0.766,0.047,47.975,1,2,1,53,2,31377
Literary,2399,6821,80,2820,0.121,0.304,0.556,0.14,56.150,28,6,3,803,7,500518
Literary,2414,6007,52,887,0.160,0.211,0.674,0.115,70.573,26,21,9,775,32,386088
Detective and Mystery,2947,13926,145,4447,0.106,0.146,0.721,0.133,55.810,51,12,4,2203,35,898175
Literary,608,1819,6,523,0.276,0.146,0.705,0.15,63.168,7,10,0,263,25,131662
Literary,3453,13784,65,1568,0.111,0.242,0.653,0.106,54.162,73,18,12,1277,28,881077
Literary,2180,7976,137,2544,0.180,0.241,0.621,0.138,52.554,47,9,0,1016,12,479083
Literary,3290,6188,18,1791,0.126,0.216,0.634,0.15,57.823,31,7,1,1498,19,627644
Literary,2269,8217,200,1668,0.130,0.245,0.622,0.133,51.111,25,9,2,1006,65,580467
Literary,2686,16775,120,3016,0.151,0.240,0.627,0.133,39.345,51,20,3,1703,22,888077
Literary,2817,8972,161,1031,0.148,0.248,0.602,0.15,56.231,30,6,0,999,31,547469
Literary,2398,14478,56,5179,0.152,0.239,0.625,0.136,27.815,94,31,9,2054,15,958322
Literary,213,951,31,158,0.425,0.132,0.757,0.111,48.461,7,,0,138,7,69079
Literary,1767,6987,30,769,0.157,0.200,0.637,0.163,53.020,27,12,4,943,10,414546
Literary,310,1044,10,156,0.360,0.259,0.584,0.157,42.358,6,,0,112,23,82349
Literary,2281,6361,257,1077,0.151,0.176,0.696,0.128,36.035,55,54,3,2885,41,1035954
Literary,709,1833,20,161,0.252,0.279,0.580,0.141,52.011,3,1,1,193,4,127082
Literary,2495,4785,59,1551,0.140,0.234,0.641,0.126,71.578,22,14,5,774,7,363117
Literary,1112,4004,6,1072,0.160,0.191,0.668,0.141,59.490,25,12,1,654,15,356260
Literary,929,2291,59,645,0.246,0.197,0.694,0.109,60.250,12,3,0,316,11,183814
Literary,1388,3689,34,543,0.213,0.176,0.714,0.11,40.423,8,7,0,645,9,319726
Literary,868,1981,20,261,0.216,0.307,0.583,0.11,57.771,8,4,2,258,5,145540
Literary,1693,3422,117,647,0.193,0.177,0.685,0.138,44.574,44,8,0,779,11,428775
Literary,2094,5915,36,2088,0.163,0.219,0.666,0.115,50.649,33,7,1,1200,8,533458
Literary,3292,8481,39,1076,0.125,0.222,0.632,0.147,56.998,28,5,2,1130,24,575847
Literary,1000,3995,29,1847,0.219,0.216,0.641,0.143,46.439,19,7,1,502,8,312815
Literary,2221,5816,11,334,0.131,0.231,0.640,0.13,50.156,23,11,2,913,39,457818
Literary,488,3502,31,625,0.222,0.273,0.620,0.107,40.289,18,4,1,536,19,257081
Literary,3209,12246,236,2415,0.118,0.202,0.666,0.132,50.614,63,21,12,2205,25,951149
Literary,664,4374,132,828,0.230,0.192,0.645,0.163,22.064,33,1,2,861,15,425626
Literary,1302,4886,82,972,0.258,0.235,0.616,0.149,34.692,14,8,2,832,24,370995
Literary,1349,3575,14,1536,0.207,0.256,0.606,0.137,50.798,15,7,3,544,31,279740
Literary,2185,4330,82,1302,0.170,0.203,0.664,0.132,46.259,11,5,4,895,58,445027
Christmas Stories,159,970,6,143,0.419,0.226,0.672,0.102,48.524,5,,1,118,1,58520
Love and Romance,3325,5717,19,1913,0.132,0.241,0.641,0.118,58.829,36,6,2,1182,20,556244
Literary,4232,14114,749,5209,0.127,0.211,0.663,0.126,46.092,54,19,4,1960,39,996956
Love and Romance,947,4242,34,1386,0.213,0.212,0.652,0.136,50.328,30,13,4,709,14,363542
Sea and Adventure,1409,2976,59,682,0.233,0.189,0.689,0.122,58.228,14,12,0,548,11,257083
Literary,2201,7467,194,1452,0.140,0.206,0.667,0.127,52.258,28,15,3,1337,35,648996
Literary,87,473,13,83,0.473,0.188,0.734,0.078,54.706,,,0,54,3,28988
Literary,4784,13251,255,1704,0.112,0.205,0.640,0.154,45.357,68,10,3,1920,21,977599
Literary,3098,9886,246,2600,0.142,0.214,0.667,0.119,42.318,42,16,3,1610,25,796422
Literary,2476,8781,177,1703,0.160,0.226,0.616,0.158,46.447,36,18,3,1430,13,564023
Literary,1852,4082,67,821,0.218,0.222,0.656,0.122,42.902,26,8,2,653,111,400514
Literary,1493,15184,193,757,0.122,0.247,0.641,0.112,42.136,79,14,15,2017,29,940032
Literary,1875,5869,83,595,0.154,0.222,0.652,0.126,40.185,18,6,2,776,15,392076
Literary,2251,9055,52,1134,0.128,0.218,0.643,0.138,54.507,58,13,5,1611,30,648497
Literary,1191,5738,30,1383,0.180,0.242,0.648,0.11,34.070,34,4,1,897,39,476532
Literary,541,2862,70,207,0.247,0.261,0.597,0.143,43.827,6,4,2,324,12,189449
Literary,3118,5315,47,1209,0.147,0.189,0.659,0.152,56.439,21,7,2,757,30,492469
Literary,2492,8208,121,1888,0.156,0.210,0.653,0.137,51.062,31,10,2,1286,26,674070
Literary,2586,6398,99,1564,0.190,0.233,0.638,0.129,41.664,26,13,1,926,17,569136
Literary,1415,6465,37,1528,0.161,0.255,0.592,0.153,48.515,58,8,0,767,5,388968
Love and Romance,614,3245,52,723,0.200,0.251,0.614,0.135,55.493,38,5,1,417,1,201527
Literary,1357,7431,130,1108,0.144,0.171,0.702,0.126,52.357,29,7,2,1364,28,554499
Literary,4235,10496,349,4208,0.145,0.232,0.645,0.123,44.532,64,11,3,1506,21,804253
Literary,2240,4807,97,3016,0.149,0.241,0.629,0.13,58.747,20,9,3,989,24,457751
Literary,1416,4435,11,873,0.205,0.203,0.660,0.137,48.723,18,8,0,686,6,347716
Literary,3423,5698,22,1277,0.151,0.236,0.629,0.135,54.634,26,21,0,1032,30,512912
Literary,2154,11696,209,1349,0.176,0.177,0.704,0.119,34.567,40,20,1,1371,25,742127
Literary,2398,4443,97,1258,0.172,0.227,0.679,0.094,38.383,24,4,3,574,26,363110
Literary,1734,4335,6,692,0.196,0.206,0.652,0.142,37.955,18,9,3,627,7,378982
Literary,1514,9570,69,1888,0.210,0.225,0.638,0.137,40.735,32,11,1,1061,13,512416
Literary,2051,2734,33,1156,0.212,0.240,0.629,0.131,55.529,32,5,1,442,14,289033
Literary,128,1314,21,475,0.307,0.303,0.557,0.14,42.691,8,2,0,181,4,100540
Literary,565,1557,50,238,0.225,0.278,0.567,0.155,61.552,12,5,0,188,6,109986
Literary,590,1645,17,199,0.243,0.312,0.555,0.134,53.871,9,1,1,243,1,133019
Literary,555,1712,28,325,0.224,0.268,0.566,0.165,65.762,12,1,0,215,3,122536
Literary,1003,5299,82,676,0.171,0.236,0.619,0.146,50.265,9,4,4,640,9,330439
Literary,2852,17322,672,1408,0.097,0.231,0.638,0.131,60.911,78,24,18,2132,72,938485
Literary,4486,16231,51,2100,0.101,0.253,0.636,0.111,54.100,104,24,14,1679,23,961823
Literary,120,339,3,88,0.504,0.238,0.648,0.114,57.874,1,,3,44,3,22968
Literary,3282,17993,594,1771,0.096,0.198,0.682,0.12,60.377,66,9,3,2414,36,1014170
Literary,1968,5501,36,808,0.157,0.254,0.641,0.105,31.986,20,3,0,835,17,479038
Literary,4243,12955,133,2385,0.114,0.262,0.638,0.101,52.045,48,18,3,1924,27,834585
Literary,3011,8601,201,2501,0.126,0.179,0.650,0.171,57.762,41,21,4,1443,33,774728
Literary,2006,4119,50,550,0.208,0.250,0.631,0.119,49.839,38,7,2,662,23,368868
Literary,3450,9003,437,5578,0.146,0.222,0.625,0.153,44.316,65,20,5,1524,29,844195
Literary,1840,4125,51,1145,0.204,0.189,0.702,0.108,49.728,14,7,4,708,12,412352
Literary,6056,18091,546,2128,0.097,0.242,0.624,0.134,52.274,75,10,3,2339,57,1197827
Literary,462,1503,31,278,0.274,0.229,0.649,0.123,56.743,4,1,0,236,8,114621
Literary,1605,5661,144,2478,0.187,0.250,0.620,0.131,46.614,35,7,1,945,12,511590
Literary,116,3468,60,276,0.174,0.232,0.646,0.123,50.079,23,7,1,576,10,261906
Literary,1395,5933,35,898,0.153,0.202,0.683,0.115,50.790,38,2,3,791,13,423151
Literary,2971,7620,77,1624,0.154,0.215,0.622,0.163,56.840,29,8,3,845,65,473076
Allegories,641,2054,58,164,0.226,0.276,0.616,0.108,59.996,10,4,0,306,5,142770
Literary,3390,11279,446,2010,0.142,0.258,0.621,0.121,34.004,53,18,5,1673,59,767895
Literary,635,3119,850,923,0.218,0.296,0.567,0.137,59.560,21,5,2,576,7,264471
Literary,1129,3469,18,548,0.222,0.236,0.586,0.178,54.662,11,3,2,439,13,242442
Literary,4936,13857,280,1739,0.112,0.207,0.649,0.144,46.405,60,11,7,1667,29,911515
Literary,3551,13272,942,2115,0.093,0.237,0.600,0.163,56.078,54,20,5,1690,23,1036243
Literary,4220,11058,282,1436,0.115,0.224,0.665,0.111,51.525,46,7,2,1328,34,791313
Literary,4341,9718,41,2913,0.109,0.257,0.583,0.16,60.191,23,12,3,1353,14,642658
Literary,1530,9930,67,877,0.124,0.180,0.710,0.109,64.228,49,7,5,1340,19,569146
Literary,975,5273,73,775,0.214,0.223,0.667,0.11,52.319,25,2,1,784,9,336969
Literary,2920,12367,125,4616,0.112,0.234,0.656,0.11,50.709,55,10,21,1502,28,960880
Literary,946,5209,54,1181,0.192,0.199,0.671,0.13,48.513,44,9,0,938,11,394733
Literary,1192,6306,39,1688,0.209,0.224,0.636,0.14,38.521,52,9,3,966,11,452908
Literary,2821,2622,100,1523,0.171,0.230,0.628,0.142,60.539,17,4,0,622,14,368663
Literary,510,1839,52,107,0.323,0.260,0.546,0.193,40.111,3,1,0,244,4,119122
Literary,3050,6035,67,1167,0.147,0.192,0.695,0.113,52.593,33,13,2,1188,31,565935
Literary,2746,10783,84,1613,0.124,0.203,0.675,0.122,52.794,77,27,5,1812,24,856621
Literary,1079,4366,118,481,0.213,0.266,0.595,0.139,35.992,15,4,1,844,10,300791
Literary,1758,4561,11,701,0.158,0.276,0.608,0.116,59.545,55,23,7,623,24,409239
Love and Romance,3754,6770,149,2553,0.151,0.229,0.638,0.132,46.239,40,7,8,1250,18,648930
Literary,2027,7175,48,1543,0.156,0.183,0.723,0.094,62.317,38,17,5,1456,40,501935
Literary,497,3850,418,951,0.285,0.278,0.581,0.141,44.213,11,6,0,435,4,199104
Literary,1740,7746,41,1146,0.147,0.245,0.631,0.124,53.065,48,11,5,1008,27,509565
Literary,2441,13403,470,932,0.116,0.206,0.652,0.142,55.452,63,9,2,1706,26,723563
Literary,1561,5543,175,448,0.171,0.236,0.588,0.176,43.851,23,1,0,787,12,388109
Literary,1992,6066,59,1372,0.180,0.234,0.637,0.129,48.661,21,1,0,584,9,383190
Literary,1866,8153,160,1533,0.183,0.217,0.640,0.144,35.776,27,15,5,928,23,536059
Literary,207,734,11,164,0.440,0.233,0.639,0.129,45.414,3,,0,111,1,57700
Literary,2181,9801,46,1388,0.120,0.214,0.648,0.138,47.590,44,11,4,1980,36,745306
Literary,1604,6200,11,1298,0.180,0.222,0.648,0.13,48.196,33,11,5,992,6,510234
Literary,1783,3891,20,632,0.191,0.159,0.704,0.137,54.242,12,2,2,914,10,322372
Literary,1868,12759,50,2067,0.117,0.213,0.662,0.125,49.979,43,10,1,1233,17,713792
Literary,4254,10507,434,1971,0.106,0.185,0.665,0.15,54.746,70,10,6,1581,51,834484
Literary,1318,5769,30,608,0.188,0.229,0.637,0.134,50.850,45,9,2,770,7,364618
Literary,3123,6903,15,827,0.132,0.189,0.698,0.113,59.650,33,11,1,947,34,552139
Literary,2037,7661,67,1056,0.151,0.267,0.539,0.194,43.663,32,4,9,1212,7,558823
Literary,2496,6972,45,1935,0.172,0.254,0.607,0.139,53.878,28,7,2,659,22,428751
Detective and Mystery,1788,1374,126,120,0.244,0.174,0.686,0.14,57.122,8,1,0,197,30,144533
Literary,2042,3672,91,667,0.172,0.221,0.633,0.147,61.640,16,6,0,582,59,294551
Detective and Mystery,2365,6009,20,826,0.140,0.192,0.697,0.111,50.598,45,6,0,1114,23,465199
Literary,3533,12059,253,1038,0.099,0.259,0.630,0.111,58.935,58,10,4,1545,20,853994
Sea and Adventure,1564,5746,16,914,0.177,0.226,0.634,0.14,54.458,22,7,7,852,34,499644
Literary,1297,3339,77,1557,0.189,0.271,0.612,0.117,49.828,14,4,0,597,8,310849
Literary,747,6354,577,1631,0.239,0.246,0.579,0.176,49.691,31,9,1,649,9,331889
Literary,1386,6509,90,1332,0.209,0.215,0.623,0.162,47.171,46,5,1,983,25,471684
Literary,2422,5925,141,2052,0.168,0.207,0.658,0.135,43.732,33,9,3,1443,27,696854
Literary,1657,9257,117,668,0.180,0.215,0.668,0.117,35.286,32,3,1,1045,39,560926
Literary,302,1564,9,207,0.361,0.189,0.686,0.125,36.600,11,5,1,249,6,116235
Literary,4267,13503,510,3514,0.103,0.239,0.628,0.133,49.880,54,18,6,1517,80,981305
Love and Romance,2322,4245,66,495,0.178,0.245,0.635,0.121,56.160,15,3,0,653,24,386589
Literary,907,1392,17,406,0.310,0.233,0.647,0.12,48.018,13,,0,268,5,131776
Literary,2662,5376,88,414,0.155,0.175,0.676,0.149,49.839,15,3,2,1138,60,517979
Literary,3825,8394,156,2043,0.159,0.205,0.636,0.158,45.614,26,14,5,1041,35,614344
Literary,2427,2804,82,1462,0.132,0.209,0.633,0.159,61.780,16,8,1,477,12,346980
Literary,1779,3662,19,534,0.170,0.154,0.709,0.137,40.504,19,4,0,416,7,326503
Detective and Mystery,5000,13527,441,1256,0.112,0.216,0.642,0.142,42.900,55,9,2,1939,74,875128
Literary,627,1992,137,493,0.281,0.207,0.681,0.112,58.274,5,3,1,259,4,142556
Literary,3499,12644,53,1519,0.102,0.210,0.667,0.123,53.215,64,22,4,1510,29,843995
Literary,2933,12369,248,2178,0.134,0.183,0.658,0.159,49.616,46,11,13,1814,31,888274
Literary,5975,12539,174,2379,0.100,0.213,0.669,0.118,50.212,50,18,1,2233,27,986529
Literary,1253,4949,87,1383,0.137,0.183,0.668,0.149,60.799,28,5,3,1115,24,473790
Literary,952,4645,17,916,0.193,0.157,0.703,0.14,52.262,17,9,0,761,7,335546
Literary,2733,5665,39,1714,0.145,0.229,0.677,0.094,60.037,17,7,1,864,14,467670
Literary,864,3703,55,493,0.192,0.220,0.681,0.1,46.895,10,4,1,557,9,249994
Literary,2315,5576,113,581,0.157,0.276,0.611,0.113,48.636,20,10,1,778,6,472279
Literary,503,2006,36,320,0.218,0.227,0.634,0.139,58.845,14,4,1,483,9,207651
Western Stories,2248,4593,57,717,0.182,0.218,0.645,0.137,53.110,13,8,2,789,12,429615
Literary,1789,6849,118,1689,0.183,0.237,0.647,0.116,45.067,27,6,1,751,33,466865
Literary,1803,5443,231,1107,0.178,0.210,0.690,0.1,48.051,38,6,0,1007,15,421314
Literary,1793,4281,20,698,0.164,0.211,0.675,0.115,41.078,17,6,0,546,12,311008
Detective and Mystery,816,2142,86,303,0.177,0.176,0.688,0.136,52.920,18,3,2,379,7,232266
Detective and Mystery,230,837,16,251,0.281,0.195,0.613,0.192,45.778,3,3,0,102,1,80609
Literary,1637,3740,72,1099,0.226,0.175,0.706,0.119,40.943,32,7,3,737,20,364443
Detective and Mystery,348,775,16,106,0.274,0.176,0.676,0.148,51.469,6,3,0,140,4,84060
Detective and Mystery,422,930,20,158,0.270,0.202,0.649,0.149,52.378,9,2,0,143,3,99674
Detective and Mystery,376,794,21,121,0.298,0.204,0.673,0.123,50.122,3,2,0,99,3,76767
Literary,473,1164,39,232,0.280,0.211,0.666,0.123,62.028,8,3,0,220,1,105056
Literary,1465,3139,62,633,0.219,0.209,0.656,0.135,48.579,25,6,3,687,8,313467
Literary,3322,11916,70,5768,0.123,0.265,0.608,0.126,52.774,60,34,6,1823,32,938720
Western Stories,2375,2447,22,463,0.199,0.241,0.635,0.124,53.423,18,3,2,720,20,388021
Literary,2457,5997,145,2154,0.146,0.246,0.604,0.15,57.818,30,2,2,1053,11,484226
Literary,1271,3169,48,1205,0.198,0.223,0.692,0.085,51.193,26,3,2,636,8,276114
Detective and Mystery,3070,5289,6,711,0.150,0.228,0.648,0.124,47.156,21,3,1,821,7,428621
Detective and Mystery,1193,4179,101,636,0.175,0.219,0.640,0.141,44.325,29,3,3,668,4,364531
Literary,1378,4138,253,491,0.255,0.218,0.636,0.145,39.193,16,4,1,589,10,284508
Detective and Mystery,1958,4761,150,986,0.158,0.212,0.641,0.147,44.906,35,4,2,907,2,468815
Literary,1957,7869,121,1521,0.159,0.205,0.677,0.118,40.783,58,7,2,1440,31,663216
Literary,2150,5341,179,838,0.161,0.196,0.667,0.137,48.195,37,7,11,1002,19,537601
Literary,1253,6488,51,1046,0.202,0.243,0.617,0.14,42.415,20,3,4,632,22,426761
Literary,226,1254,14,228,0.349,0.201,0.665,0.135,55.722,5,1,1,186,3,86620
Detective and Mystery,1909,5099,3,975,0.160,0.203,0.657,0.14,56.123,21,2,0,843,13,408740
Literary,1746,6946,73,555,0.134,0.236,0.680,0.084,47.333,25,11,1,954,40,495035
Literary,1002,2000,22,764,0.264,0.205,0.649,0.146,52.777,17,1,0,422,,197241
Detective and Mystery,1787,4437,65,553,0.151,0.197,0.655,0.149,57.388,23,1,3,712,7,332504
Literary,2145,7124,42,2270,0.155,0.178,0.696,0.127,50.720,72,9,0,1380,23,607441
Western Stories,1795,5228,85,693,0.147,0.158,0.707,0.135,67.083,23,2,3,1038,11,417480
Literary,1880,4446,170,1026,0.165,0.189,0.703,0.108,74.221,17,8,3,739,30,310668
Literary,686,4713,186,991,0.232,0.237,0.596,0.167,36.569,41,5,3,874,25,412382
Detective and Mystery,595,2196,60,334,0.259,0.205,0.647,0.148,49.256,17,1,2,359,,178191
Literary,1325,5244,12,1073,0.174,0.210,0.661,0.129,49.221,29,4,1,814,13,451763
Literary,678,1739,33,418,0.281,0.231,0.643,0.126,41.803,9,1,0,315,7,178581
Literary,450,2296,67,168,0.203,0.220,0.621,0.159,61.734,5,7,1,375,7,188559
Literary,2619,5593,43,2246,0.151,0.222,0.631,0.146,60.381,35,6,3,1046,19,494812
Literary,226,676,28,100,0.400,0.218,0.651,0.131,56.023,,2,0,92,2,47713
Literary,2016,6367,92,814,0.159,0.267,0.595,0.138,45.173,22,5,2,872,10,407444
Literary,503,3838,69,424,0.205,0.231,0.628,0.141,27.785,21,4,2,800,19,340980
Western Stories,243,743,13,225,0.366,0.169,0.707,0.124,50.536,8,,0,156,1,76151
Literary,1597,5319,46,1175,0.184,0.185,0.688,0.127,51.503,23,3,4,958,26,492512
Literary,2512,6546,30,1231,0.149,0.244,0.629,0.127,59.442,16,3,5,688,24,411338
Detective and Mystery,1007,2810,52,297,0.224,0.152,0.698,0.151,47.520,14,3,1,314,5,190936
Detective and Mystery,697,2270,22,332,0.244,0.147,0.684,0.169,52.062,15,2,1,289,4,159001
Literary,1535,8131,59,1913,0.137,0.201,0.680,0.119,68.887,33,9,1,1161,26,595954
Literary,309,3269,297,869,0.295,0.300,0.539,0.161,39.322,16,5,3,382,4,195207
Literary,105,1291,74,461,0.370,0.208,0.687,0.104,49.225,11,1,1,143,,58680
Literary,896,2944,25,407,0.213,0.224,0.702,0.074,49.485,17,4,0,631,6,277856
Literary,2372,5434,113,2359,0.139,0.219,0.635,0.146,58.214,22,9,3,1059,36,524919
Literary,2499,3573,10,822,0.172,0.200,0.655,0.145,57.232,25,7,1,973,11,388394
Literary,2699,4075,71,1237,0.144,0.222,0.651,0.126,57.925,31,7,0,868,17,396056
Literary,2654,14030,20,1764,0.120,0.289,0.566,0.144,41.361,43,17,2,1563,16,871043
Literary,1763,18809,1742,4690,0.160,0.264,0.577,0.159,38.814,77,35,4,2035,21,1007970
Literary,556,2653,17,237,0.276,0.216,0.662,0.122,54.341,20,4,1,332,8,182392
Love and Romance,308,1610,42,243,0.343,0.294,0.595,0.111,30.109,7,7,0,183,1,129524
Literary,1317,4550,84,553,0.212,0.272,0.559,0.169,38.778,31,3,6,591,36,316872
Love and Romance,1720,3411,47,673,0.185,0.222,0.645,0.133,56.193,15,8,2,580,14,322370
Sea and Adventure,619,6280,48,1000,0.170,0.188,0.723,0.089,38.949,29,3,6,1097,14,447041
Sea and Adventure,1638,8381,9,958,0.180,0.191,0.673,0.136,50.363,31,7,1,972,17,447688
Literary,1882,4470,117,1617,0.154,0.261,0.627,0.112,46.483,24,6,3,878,25,477518
Sea and Adventure,1889,14284,201,3251,0.163,0.217,0.645,0.138,39.406,68,8,8,1564,26,822296
Literary,768,3236,115,994,0.246,0.198,0.724,0.078,38.827,24,4,0,477,4,263507
Literary,3451,10199,49,2350,0.129,0.259,0.572,0.169,54.263,45,23,2,1421,17,661714
Literary,2807,7781,30,2258,0.143,0.231,0.628,0.142,49.611,49,19,2,1185,19,630785
Literary,2144,4459,185,1308,0.199,0.203,0.645,0.152,39.282,38,10,0,956,10,527194
Literary,1473,4026,49,813,0.238,0.221,0.657,0.122,50.015,15,7,1,625,15,291606
Literary,3769,11413,134,4074,0.106,0.257,0.619,0.124,47.990,69,9,3,1634,18,796084
Literary,1209,5259,72,768,0.230,0.206,0.665,0.128,43.382,12,8,1,493,5,323409
Literary,3827,11835,142,1552,0.128,0.230,0.602,0.168,37.303,23,47,7,1503,19,899651
Literary,2710,6888,45,2736,0.137,0.225,0.623,0.152,46.093,36,5,3,1162,9,647114
Literary,439,2463,20,236,0.296,0.196,0.655,0.149,36.104,13,1,2,531,7,195372
Sea and Adventure,1888,3809,41,595,0.181,0.203,0.645,0.152,42.062,22,3,0,1032,20,538962
Literary,572,3304,246,715,0.204,0.239,0.640,0.12,41.268,15,1,2,412,4,337734
Literary,1253,3306,22,400,0.193,0.233,0.639,0.128,48.307,8,2,1,434,19,258111
Literary,2644,5360,61,747,0.179,0.229,0.650,0.121,47.934,35,7,0,843,24,484176
Literary,1001,4177,3,734,0.200,0.203,0.688,0.109,53.798,19,5,1,631,15,289269
Literary,1306,6543,51,746,0.162,0.220,0.650,0.13,49.322,22,3,4,875,8,468428
Literary,270,1152,8,165,0.375,0.220,0.637,0.144,47.387,5,,1,165,1,85410
Literary,553,1610,75,272,0.293,0.224,0.632,0.144,50.047,1,3,0,225,3,121937
Literary,236,691,5,125,0.408,0.230,0.648,0.122,48.475,,1,1,96,1,52645
Literary,4446,14136,279,2938,0.122,0.273,0.574,0.153,49.470,64,22,5,1933,14,821316
Literary,2119,4817,215,678,0.170,0.187,0.640,0.173,28.761,129,11,2,1040,40,500458
Literary,68,773,0,142,0.445,0.160,0.737,0.102,42.970,2,1,0,132,1,59897
Literary,437,2308,1,328,0.295,0.186,0.657,0.157,43.866,7,2,2,294,3,162620
Literary,322,1146,1,184,0.354,0.246,0.643,0.111,51.630,7,,3,160,4,78512
Literary,390,1780,3,220,0.329,0.184,0.659,0.157,53.788,11,2,1,219,4,113790
Literary,799,3394,24,419,0.237,0.189,0.685,0.126,56.538,12,3,2,552,9,242258
Literary,2951,11560,149,2139,0.155,0.200,0.671,0.129,54.255,51,10,3,1628,32,834858
Literary,145,792,14,107,0.437,0.182,0.666,0.152,45.322,5,1,0,138,1,61120
Literary,980,1650,22,311,0.219,0.221,0.664,0.116,57.385,17,5,1,316,12,218303
Literary,195,1538,15,155,0.371,0.227,0.655,0.118,30.430,8,2,2,377,5,116260
Literary,1310,2389,33,438,0.214,0.187,0.650,0.163,58.309,9,5,0,426,12,218134
Detective and Mystery,2571,6156,7,1039,0.131,0.201,0.679,0.12,47.047,24,2,0,1010,45,474798
Love and Romance,1275,4971,20,824,0.166,0.258,0.609,0.133,56.350,28,12,3,518,9,356051
Literary,4693,12259,141,3184,0.107,0.253,0.610,0.137,62.187,38,12,5,1562,33,832431
Literary,143,723,39,132,0.393,0.260,0.613,0.127,49.238,4,1,2,80,5,61816
Literary,274,1197,51,300,0.327,0.252,0.596,0.152,40.756,2,3,0,175,1,107740
Literary,359,1381,74,245,0.297,0.205,0.648,0.147,55.679,7,,1,215,3,109476
Literary,1413,8376,10,1025,0.164,0.242,0.594,0.164,46.018,22,8,0,999,17,489972
Sea and Adventure,1111,7978,35,1600,0.146,0.159,0.702,0.139,37.752,55,12,4,1223,13,576440
Literary,1493,4203,29,678,0.203,0.223,0.655,0.122,40.262,16,6,2,799,15,420061
Literary,1856,4674,71,499,0.164,0.207,0.672,0.121,64.854,12,4,2,684,29,345018
Literary,159,851,22,89,0.366,0.188,0.689,0.123,51.413,6,1,0,121,,59633
Literary,244,686,19,197,0.329,0.149,0.743,0.107,58.854,1,,0,122,2,53874
Literary,2889,4529,40,1364,0.151,0.235,0.678,0.087,66.295,22,7,1,813,11,447342
Literary,273,794,15,157,0.433,0.257,0.620,0.122,44.284,2,3,2,106,5,55834
Literary,1934,4488,71,1159,0.098,0.198,0.723,0.079,81.687,33,26,1,996,30,363470
Literary,239,1219,7,322,0.387,0.163,0.715,0.122,47.962,5,5,0,230,6,96888
Literary,160,1179,7,336,0.389,0.158,0.718,0.124,49.049,4,8,1,209,29,91595
Literary,284,2084,14,579,0.335,0.190,0.679,0.131,39.707,13,2,1,367,26,164532
Literary,283,926,9,249,0.375,0.145,0.708,0.148,57.005,4,2,0,175,13,74629
Literary,284,1255,10,421,0.352,0.165,0.702,0.133,53.949,5,4,0,215,17,103577
Literary,3054,7911,270,3159,0.140,0.211,0.693,0.096,54.463,72,26,3,1374,48,720172
Literary,1804,7599,7,1906,0.181,0.195,0.689,0.115,53.075,44,15,7,1205,30,550985
Literary,1103,6274,65,1104,0.163,0.206,0.667,0.126,50.182,20,9,1,973,28,544196
Literary,1473,6702,70,1139,0.203,0.210,0.694,0.096,47.248,26,8,3,846,22,450890
Literary,3249,9719,185,1100,0.139,0.228,0.632,0.14,50.282,38,4,2,1163,25,611843
Literary,2594,7970,267,1848,0.124,0.259,0.613,0.128,48.170,42,11,1,996,22,620019
Detective and Mystery,2331,8049,22,1179,0.134,0.190,0.664,0.146,60.288,25,9,4,715,60,494767
Literary,1751,3673,33,667,0.211,0.178,0.708,0.114,52.573,25,2,4,464,59,281856
Literary,1669,4064,61,1836,0.170,0.229,0.632,0.138,47.554,26,5,0,1082,26,524431
Literary,1295,5698,76,656,0.186,0.176,0.698,0.126,26.507,33,47,0,1805,11,650282
Literary,2966,8750,148,1156,0.148,0.232,0.650,0.118,55.354,35,23,3,867,19,521110
Literary,1549,7699,159,1718,0.190,0.244,0.637,0.118,44.269,43,12,2,1028,22,516809
Detective and Mystery,2582,4177,147,565,0.148,0.187,0.696,0.117,46.870,30,12,3,612,28,384516
Detective and Mystery,3661,10779,417,1255,0.135,0.239,0.625,0.136,47.504,40,8,0,1241,17,657711
Literary,2113,13875,631,3076,0.188,0.206,0.684,0.109,44.483,46,10,5,1563,57,855931
Literary,1483,8272,51,1632,0.178,0.214,0.651,0.135,45.415,36,5,7,963,27,549903
Literary,4537,11015,52,1088,0.107,0.244,0.666,0.09,55.378,202,23,13,1469,29,842014
Literary,984,4532,532,718,0.202,0.264,0.609,0.127,55.307,23,9,1,625,10,332915
Detective and Mystery,1697,1687,107,154,0.246,0.154,0.694,0.152,56.404,6,1,0,324,11,148778
Literary,1821,4332,119,872,0.158,0.297,0.589,0.114,49.574,25,9,0,599,10,327808
Literary,2930,12046,171,2475,0.125,0.224,0.637,0.139,49.639,44,11,3,1368,44,875960
Detective and Mystery,1876,5325,71,875,0.164,0.204,0.632,0.164,35.803,16,4,1,870,11,417242
Literary,380,431,348,96,0.345,0.246,0.665,0.088,58.889,3,,0,71,2,35495
Literary,594,2195,25,511,0.277,0.205,0.623,0.172,48.175,9,1,0,291,2,137968
Literary,2217,4851,52,1232,0.166,0.210,0.674,0.116,47.160,38,4,0,681,17,370840
Sea and Adventure,1155,9132,16,1719,0.138,0.190,0.685,0.126,41.231,47,8,4,1629,10,656186
Detective and Mystery,2188,5195,104,1473,0.186,0.162,0.718,0.12,53.119,19,4,2,818,21,426326
Literary,1277,4520,61,691,0.189,0.267,0.620,0.113,34.516,36,5,0,726,19,407177
Literary,1894,9050,85,2284,0.144,0.237,0.649,0.114,51.767,44,10,2,964,26,549269
Literary,2623,8662,32,2200,0.148,0.229,0.651,0.121,43.368,38,5,11,977,54,649006
Literary,3429,14543,801,2420,0.103,0.247,0.605,0.149,54.224,50,23,5,1685,16,995466
Literary,1975,4388,16,1148,0.171,0.279,0.609,0.111,51.765,17,7,0,602,2,318972
Literary,1237,5408,263,1902,0.181,0.203,0.662,0.136,52.474,29,6,1,949,11,399226
Literary,2853,10724,60,1884,0.118,0.244,0.600,0.157,57.844,59,13,5,1268,17,752992
Literary,4233,12335,366,2885,0.098,0.253,0.609,0.138,55.617,56,34,6,1676,37,1046656
Literary,1519,4299,103,466,0.202,0.170,0.728,0.102,44.249,21,4,0,878,28,420105
Literary,1337,4858,52,911,0.193,0.240,0.642,0.117,38.733,19,12,5,783,9,439962
Literary,1736,5860,128,1269,0.185,0.230,0.654,0.116,49.548,22,6,0,909,26,386531
Literary,957,5627,15,573,0.168,0.197,0.658,0.144,50.022,28,3,1,544,8,348373
Literary,2455,6800,126,743,0.167,0.224,0.666,0.11,54.519,21,5,2,528,19,411749
Sea and Adventure,998,8408,73,1250,0.200,0.218,0.664,0.118,30.044,40,2,0,1093,17,480101
Literary,3463,10049,230,948,0.129,0.216,0.658,0.126,55.562,99,15,9,1378,24,757081
Detective and Mystery,1264,7611,50,984,0.153,0.163,0.668,0.168,51.876,29,8,3,1241,18,556334
Literary,1219,3995,61,418,0.235,0.212,0.688,0.101,46.948,21,9,3,425,27,313775
Literary,1231,4061,34,600,0.176,0.148,0.721,0.131,50.416,30,1,0,931,6,430059
Literary,974,3842,26,805,0.219,0.236,0.655,0.109,47.881,30,3,1,646,23,327038
Literary,2002,4607,124,2533,0.223,0.215,0.632,0.153,36.426,36,2,4,801,13,412269
Literary,1901,4975,14,787,0.159,0.191,0.662,0.147,51.275,26,12,3,1046,12,525761
Literary,2582,6893,71,369,0.160,0.169,0.669,0.162,54.339,25,6,1,1178,17,536564
Literary,944,4813,473,469,0.175,0.221,0.648,0.13,55.248,26,4,1,582,12,332455
Literary,1278,4462,10,850,0.194,0.263,0.614,0.123,48.531,17,3,2,634,40,326119
Literary,2740,9034,165,1192,0.198,0.198,0.679,0.123,33.793,28,12,4,1407,39,669612
Literary,1378,3196,91,526,0.207,0.238,0.636,0.126,49.955,13,2,0,379,8,222974
Literary,1479,7357,189,1017,0.144,0.232,0.656,0.112,51.543,38,5,4,856,34,485333
Literary,1620,4040,103,926,0.174,0.253,0.632,0.116,47.548,39,11,4,876,16,531396
Literary,2023,5117,24,410,0.183,0.217,0.651,0.133,46.503,50,5,4,818,13,396879
Literary,1692,4748,66,1275,0.181,0.237,0.625,0.138,46.105,33,8,0,679,12,427509
Literary,360,1142,13,189,0.340,0.209,0.672,0.12,45.835,4,1,0,187,4,101290
Literary,2605,6830,153,938,0.201,0.201,0.676,0.124,43.318,44,6,1,925,21,467057
Literary,1019,3405,10,505,0.198,0.151,0.727,0.122,64.798,20,9,1,672,15,277227
Literary,1672,4691,138,869,0.215,0.214,0.698,0.088,40.136,17,4,6,536,17,353361
Literary,2390,6946,68,893,0.140,0.260,0.601,0.139,56.079,23,7,3,1064,13,457981
Literary,1177,4786,86,1113,0.197,0.257,0.632,0.112,57.469,27,3,2,685,9,334280
Literary,4448,7117,463,703,0.180,0.217,0.640,0.143,43.350,44,10,1,1028,38,629566
Literary,343,4153,39,913,0.181,0.191,0.638,0.171,43.665,23,4,2,667,5,306593
Literary,123,961,12,237,0.351,0.236,0.619,0.145,41.622,5,,0,152,2,67525
Literary,4744,13643,94,888,0.110,0.208,0.662,0.129,57.425,57,16,5,1520,34,981640
Literary,2587,5624,100,1206,0.156,0.211,0.672,0.117,56.494,40,3,0,910,21,483067
Literary,2852,10020,101,316,0.116,0.219,0.661,0.12,65.340,41,24,3,1423,52,834871
Literary,2272,5068,55,349,0.160,0.155,0.675,0.169,50.326,30,5,16,816,13,485072
Literary,1276,4697,238,216,0.205,0.230,0.643,0.127,53.244,23,8,1,698,8,322289
Literary,1324,2388,29,168,0.259,0.182,0.681,0.137,50.465,10,1,2,303,3,196918
Literary,1172,4763,58,1281,0.218,0.207,0.688,0.105,50.799,31,7,4,667,12,329876
Literary,532,5977,17,1011,0.184,0.206,0.679,0.115,48.760,27,14,5,919,23,415546
Literary,1119,3850,62,286,0.210,0.221,0.669,0.11,48.961,32,6,1,777,8,301396
Literary,2893,5935,154,1144,0.139,0.208,0.654,0.138,59.016,28,7,3,1016,14,546218
Literary,4635,12785,62,1821,0.105,0.180,0.689,0.131,68.000,39,13,2,1351,27,693875
Literary,2203,8301,89,1010,0.135,0.222,0.646,0.132,52.723,29,17,5,1122,24,652184
Literary,2738,9793,160,1928,0.129,0.247,0.607,0.146,48.137,59,8,1,1431,32,793892
Literary,4944,10558,163,1908,0.117,0.225,0.599,0.176,55.612,43,19,2,1593,30,774382
Literary,2612,11692,175,1690,0.121,0.241,0.635,0.124,50.503,36,16,3,1629,521,840975
Sea and Adventure,2242,6862,71,627,0.136,0.254,0.573,0.173,56.094,16,8,0,921,5,481690
Literary,492,5290,257,593,0.189,0.227,0.698,0.075,13.242,32,10,4,772,125,411567
Literary,1306,3949,19,1242,0.179,0.258,0.613,0.128,51.504,16,3,1,625,11,356813
Literary,2497,3659,210,318,0.201,0.201,0.670,0.129,51.723,14,6,4,546,9,367750
Literary,3200,11374,168,2587,0.116,0.244,0.668,0.088,61.012,29,5,0,1623,19,722893
Literary,3010,11125,63,1751,0.120,0.231,0.608,0.16,52.342,45,25,0,1847,30,712589
Literary,1636,4990,146,792,0.166,0.218,0.681,0.101,41.833,30,5,0,784,26,441424
Literary,3698,4684,31,355,0.113,0.217,0.657,0.126,65.517,105,9,3,760,12,538178
Literary,409,2167,3,253,0.294,0.220,0.658,0.123,46.516,9,6,2,226,5,144922
Literary,2063,9104,282,1697,0.151,0.271,0.608,0.121,51.307,38,13,4,1029,27,653661
Literary,719,4213,29,952,0.256,0.216,0.662,0.122,36.472,14,2,0,533,32,257996
Literary,799,3177,41,382,0.203,0.249,0.612,0.139,40.426,11,1,3,487,11,263216
Literary,527,1950,56,229,0.296,0.139,0.700,0.162,39.903,5,,0,315,15,146404
Literary,1632,3841,9,924,0.225,0.207,0.655,0.138,41.355,22,7,2,614,12,324155
Detective and Mystery,1727,8544,381,1550,0.136,0.215,0.629,0.156,34.684,26,12,5,1216,99,652050
Literary,1345,3029,159,151,0.244,0.232,0.642,0.126,43.629,8,1,0,492,8,220697
Literary,1612,6350,16,484,0.144,0.260,0.663,0.077,53.552,14,10,16,544,64,406683
Literary,2455,7405,378,1518,0.174,0.207,0.668,0.125,51.789,41,10,4,1100,17,513991
Literary,1507,8380,531,621,0.143,0.202,0.676,0.123,56.908,23,13,2,1345,34,731368
Literary,674,1617,52,240,0.305,0.162,0.730,0.108,58.723,7,2,0,338,2,137385
Literary,546,4393,35,990,0.284,0.210,0.687,0.102,44.479,20,9,2,591,12,291147
Literary,971,2522,71,899,0.283,0.210,0.656,0.134,52.953,12,4,1,344,10,179167
Literary,1704,12804,166,2176,0.099,0.247,0.623,0.129,49.119,83,11,4,2093,21,929076
Literary,704,5254,91,1376,0.224,0.216,0.701,0.084,38.646,21,7,2,745,15,354489
Literary,2282,3727,38,408,0.164,0.206,0.660,0.133,60.500,27,2,3,755,9,373445
Literary,1528,6782,33,1948,0.120,0.219,0.619,0.162,62.005,70,8,2,1155,17,523707
Literary,1054,4200,62,550,0.172,0.246,0.623,0.131,46.627,15,3,3,734,5,348082
Literary,1516,6706,75,1509,0.150,0.205,0.681,0.114,37.321,62,4,7,1255,60,648440
Literary,1012,5606,222,833,0.183,0.227,0.700,0.074,13.138,35,9,3,859,84,420182
Literary,1781,2549,80,490,0.167,0.262,0.594,0.144,65.492,8,2,1,365,2,234974
Detective and Mystery,2022,4598,122,1011,0.156,0.187,0.703,0.11,59.393,21,4,3,892,6,384247
Sea and Adventure,1933,4326,97,690,0.160,0.221,0.631,0.148,56.521,18,,0,627,14,345723
Literary,2085,14242,156,5550,0.127,0.216,0.664,0.12,40.088,71,12,7,1667,48,843306
Sea and Adventure,119,633,8,153,0.501,0.168,0.734,0.098,47.985,8,2,0,110,4,51657
Literary,1540,8028,40,1382,0.164,0.184,0.713,0.103,50.185,42,6,1,1282,22,627885
Literary,1060,4095,83,820,0.215,0.226,0.652,0.123,46.232,12,4,0,681,24,371913
Literary,561,2386,684,1343,0.281,0.190,0.689,0.121,40.697,13,2,0,482,5,223097
Literary,544,2551,728,1270,0.241,0.191,0.648,0.161,35.420,14,2,1,549,15,255105
Detective and Mystery,1988,6710,152,1148,0.146,0.194,0.655,0.151,47.286,52,5,3,1092,20,570768
Literary,2166,17549,222,4303,0.116,0.236,0.613,0.151,37.806,62,21,13,2078,81,1131753
Literary,874,3447,20,636,0.239,0.244,0.651,0.105,52.758,10,5,2,539,10,237583
Literary,2407,18688,418,4450,0.109,0.249,0.635,0.116,43.299,86,20,15,2121,56,1188492
Literary,3066,11417,69,1498,0.138,0.241,0.597,0.162,52.833,36,8,4,1575,5,614977
Detective and Mystery,1547,4740,150,471,0.151,0.214,0.653,0.132,45.526,27,8,2,751,14,387997
Literary,405,1541,18,390,0.355,0.177,0.691,0.132,36.391,5,2,0,361,7,182620
Literary,3496,9892,3,3200,0.106,0.231,0.611,0.158,54.439,58,3,9,1399,21,838804
Literary,765,5281,47,773,0.204,0.204,0.680,0.117,38.777,25,6,0,982,11,439951
Literary,1377,5158,73,792,0.211,0.234,0.621,0.145,50.214,22,,2,578,7,329210
Sea and Adventure,1683,7636,83,1012,0.160,0.197,0.698,0.105,40.230,47,8,3,1466,24,679260
Literary,1794,3669,32,426,0.204,0.255,0.644,0.101,53.586,21,2,4,473,9,268735
Literary,773,3200,63,593,0.219,0.193,0.674,0.132,46.152,11,8,0,587,10,296542
Literary,1186,6599,25,414,0.157,0.214,0.680,0.106,45.722,25,8,5,959,27,446074
Literary,2415,16733,167,3211,0.146,0.212,0.665,0.123,40.731,96,7,9,2159,41,1020088
Literary,1808,5852,167,1597,0.150,0.227,0.644,0.129,56.244,26,4,1,985,26,490447
Sea and Adventure,1356,5303,63,814,0.184,0.203,0.708,0.089,52.123,34,6,4,841,16,348848
Sea and Adventure,2629,11826,268,1872,0.149,0.221,0.639,0.14,42.125,34,6,6,1509,40,786926
Literary,263,3912,183,312,0.280,0.238,0.638,0.124,32.307,17,6,1,524,17,263031
Literary,2476,14259,134,2188,0.156,0.236,0.638,0.127,40.794,68,13,0,1436,16,836546
Literary,1456,6446,79,907,0.199,0.232,0.650,0.118,47.923,32,5,2,676,16,403760
Detective and Mystery,2193,5010,7,592,0.182,0.218,0.680,0.101,43.861,17,2,0,651,15,362977
Literary,720,1983,52,178,0.272,0.194,0.638,0.167,52.602,7,2,0,288,5,133761
Literary,2663,8762,93,1241,0.137,0.221,0.669,0.109,52.112,32,6,1,1153,17,613763
Literary,4371,19694,145,3184,0.121,0.230,0.630,0.14,45.937,99,15,7,1989,35,1131179
Literary,1883,7855,98,1323,0.149,0.243,0.629,0.128,47.220,27,18,1,944,28,613291
Literary,2304,5830,25,1044,0.174,0.248,0.630,0.122,67.755,8,9,1,578,6,289331
Literary,2246,12084,229,1966,0.128,0.205,0.638,0.157,59.764,28,11,0,1415,19,614545
Literary,3674,11214,44,2041,0.135,0.220,0.654,0.127,66.836,18,10,7,924,28,525842
Literary,1439,6307,89,1224,0.181,0.242,0.620,0.138,46.420,24,7,1,747,13,459396
Detective and Mystery,1512,6339,40,709,0.149,0.227,0.681,0.091,48.355,21,5,3,841,28,441080
Detective and Mystery,644,3809,19,315,0.178,0.160,0.692,0.148,41.867,19,7,0,771,11,264412
Literary,3273,17436,201,2448,0.116,0.222,0.634,0.143,34.579,115,7,14,1919,38,1149916
Literary,649,3482,18,564,0.270,0.194,0.692,0.114,43.811,14,4,3,425,8,238471
Literary,1842,5794,110,861,0.152,0.280,0.580,0.141,49.802,40,18,4,716,34,468480
Literary,3028,11706,262,1911,0.135,0.275,0.582,0.144,53.677,38,9,2,1546,3,617243
Literary,547,2377,38,354,0.268,0.257,0.600,0.143,46.435,4,4,0,293,8,158832
Literary,1620,6330,33,911,0.199,0.177,0.667,0.156,65.731,24,13,0,860,19,374755
Literary,3107,13760,81,2304,0.155,0.237,0.643,0.12,40.669,65,11,3,1342,31,750430
Literary,3175,12941,115,2070,0.141,0.216,0.633,0.151,39.233,69,7,8,1417,41,772898
Literary,840,3270,76,742,0.232,0.204,0.673,0.123,42.404,18,11,1,375,8,224683
Literary,4600,8219,29,2866,0.124,0.219,0.664,0.116,43.580,33,16,3,1412,10,736309
Western Stories,1324,3662,117,1377,0.266,0.195,0.674,0.131,54.247,11,4,1,503,10,294689
Literary,3109,14114,111,2146,0.151,0.226,0.635,0.139,39.805,56,9,8,1409,60,859011
Literary,2645,5960,82,1102,0.146,0.274,0.615,0.111,36.297,38,17,2,1086,15,596885
Literary,4615,18175,165,3528,0.117,0.243,0.643,0.114,51.132,107,11,4,1834,30,1088528
Literary,2615,9932,43,2339,0.134,0.238,0.616,0.146,58.665,32,3,3,1063,20,600541
Detective and Mystery,365,1305,28,162,0.312,0.175,0.646,0.179,42.205,7,2,2,202,,99941
Literary,2213,8883,61,1979,0.127,0.199,0.684,0.117,65.456,45,16,2,1224,29,667526
Literary,1256,4715,80,954,0.194,0.281,0.607,0.112,36.469,22,5,4,781,8,429167
Literary,1312,4643,93,787,0.231,0.179,0.698,0.122,41.080,21,3,0,676,20,346125
Literary,2640,6727,230,2832,0.163,0.220,0.664,0.116,59.110,16,10,0,906,12,437175
Literary,1619,7399,140,1316,0.179,0.209,0.662,0.128,51.241,26,4,6,1207,19,432148
Literary,2199,5820,24,1650,0.197,0.198,0.642,0.16,48.298,23,6,9,752,29,465476
Allegories,1632,5055,240,688,0.199,0.217,0.582,0.201,58.780,19,,3,655,11,346050
Literary,1615,5557,66,1536,0.152,0.202,0.698,0.1,55.157,37,12,9,956,27,469013
Literary,419,2996,164,316,0.259,0.226,0.615,0.159,23.068,12,,3,176,3,162051
Literary,2100,5866,54,1100,0.137,0.318,0.542,0.14,51.941,25,6,1,724,25,416978
Literary,1751,8148,39,3726,0.133,0.228,0.647,0.125,60.082,27,9,10,1353,19,543844
Detective and Mystery,2749,6383,8,959,0.143,0.225,0.679,0.096,53.217,23,6,1,1172,10,487344
Detective and Mystery,1900,2943,18,1133,0.150,0.142,0.749,0.109,57.110,17,3,0,787,9,356562
Literary,2564,6952,48,956,0.180,0.236,0.629,0.136,36.567,15,9,5,816,6,501591
Literary,2507,7722,58,1368,0.161,0.225,0.631,0.143,62.821,10,5,5,611,12,368436
Literary,4352,13251,197,1980,0.118,0.234,0.615,0.152,59.436,37,12,4,1443,22,752225
Literary,2658,10577,204,2189,0.133,0.214,0.639,0.147,57.834,33,2,4,1268,7,607858
Literary,1,0,0,0,1.000,0.000,1.000,0,0.000,,,0,,,3
Literary,2736,6101,7,656,0.137,0.232,0.643,0.124,53.012,13,9,0,677,22,497997
Literary,3101,7049,155,322,0.120,0.253,0.598,0.149,69.111,29,7,3,929,38,441755
Literary,1634,8041,21,782,0.157,0.186,0.704,0.11,58.578,55,7,0,875,16,474653
Literary,4052,13059,68,1711,0.118,0.232,0.618,0.15,64.177,36,8,2,1343,20,668046
Literary,6093,13845,113,1769,0.097,0.208,0.634,0.157,66.727,38,6,16,1427,13,807036
Literary,4928,12331,172,1607,0.113,0.213,0.629,0.158,64.455,32,14,2,1219,18,691086
Detective and Mystery,2875,5191,140,841,0.174,0.194,0.658,0.148,43.657,29,8,0,628,15,453191
Literary,2839,6193,65,1295,0.181,0.207,0.665,0.128,41.357,26,12,2,1298,34,511044
Literary,2756,5568,84,567,0.134,0.203,0.659,0.138,51.257,14,2,1,1077,19,536367
Literary,2897,10042,161,3589,0.145,0.230,0.627,0.143,43.868,91,11,2,1861,9,830820
Literary,2076,6792,136,1235,0.170,0.237,0.633,0.13,61.387,22,7,2,755,18,382444
Literary,3790,11675,74,1514,0.114,0.215,0.626,0.159,58.777,71,17,5,1739,37,762532
Western Stories,3104,6240,10,1622,0.139,0.165,0.722,0.113,67.060,54,53,0,991,58,519508
Literary,2498,5381,2,121,0.173,0.221,0.630,0.149,43.108,18,11,4,883,59,515628
Literary,989,2651,126,436,0.208,0.211,0.683,0.105,54.836,25,4,0,364,6,199291
Literary,3453,15232,353,3950,0.095,0.255,0.609,0.136,46.104,59,25,4,2311,66,1142587
Literary,923,4349,104,1058,0.193,0.228,0.644,0.128,48.648,15,3,1,624,4,299751
Literary,4987,13219,88,1583,0.108,0.227,0.616,0.157,65.144,31,13,4,1416,20,710142
Literary,1150,7903,227,1777,0.172,0.247,0.597,0.156,38.404,84,9,7,1209,9,645527
Ghost and Horror,799,5898,12,1630,0.223,0.244,0.631,0.126,30.979,40,5,5,853,16,378507
Love and Romance,1789,6049,43,477,0.154,0.262,0.625,0.113,53.328,52,11,6,673,23,465999
Literary,340,2834,176,263,0.261,0.230,0.623,0.147,22.496,6,,1,170,4,160057
Literary,1728,5337,93,1717,0.164,0.233,0.655,0.112,48.263,29,7,7,731,28,405360
Literary,1116,6517,117,2384,0.153,0.265,0.610,0.125,45.350,33,8,8,787,33,467867
Literary,1540,6819,80,2277,0.151,0.221,0.623,0.157,50.188,39,10,4,943,35,489893
Literary,82,575,3,78,0.508,0.249,0.647,0.104,50.351,1,,0,64,1,29254
Literary,3750,9664,40,1126,0.129,0.184,0.651,0.165,64.787,22,31,6,1158,24,550360
Detective and Mystery,2953,7529,87,830,0.142,0.228,0.630,0.142,65.363,15,10,3,754,13,397459
Literary,3569,5756,115,3312,0.163,0.235,0.642,0.123,57.645,20,7,4,1034,14,560680
Detective and Mystery,2114,5522,173,1011,0.147,0.205,0.644,0.151,45.045,41,6,3,1108,19,532813
Literary,1001,3215,441,1542,0.182,0.252,0.654,0.093,51.052,23,5,0,517,4,288145
Literary,3599,16034,383,4334,0.095,0.266,0.611,0.124,49.693,46,32,7,2264,63,1095084
Literary,2714,9374,38,1158,0.111,0.251,0.647,0.103,42.626,40,16,9,1140,18,682517
Detective and Mystery,1796,5366,5,573,0.136,0.219,0.634,0.148,59.263,14,7,4,570,26,401917
Literary,436,3259,141,285,0.235,0.212,0.606,0.182,38.777,17,,2,293,10,218210
Literary,151,3580,295,289,0.221,0.275,0.622,0.103,38.925,23,2,4,343,2,194990
Literary,441,2887,246,211,0.246,0.244,0.599,0.157,38.401,20,,0,371,4,168499
Detective and Mystery,2791,3169,100,1032,0.184,0.181,0.693,0.125,60.296,22,5,0,396,11,298764
Detective and Mystery,1121,3917,13,747,0.187,0.166,0.683,0.151,43.283,28,3,1,576,6,293202
Literary,498,3239,308,270,0.231,0.248,0.604,0.148,40.890,21,2,2,260,7,177881
Literary,1022,3644,90,355,0.233,0.201,0.674,0.125,49.761,10,,3,561,13,239970
Detective and Mystery,466,1725,43,265,0.285,0.198,0.648,0.153,48.951,15,,2,286,,141382
Literary,818,6935,9,1019,0.170,0.231,0.645,0.124,53.203,28,6,0,647,8,361520
Literary,424,3452,62,373,0.252,0.216,0.635,0.149,27.120,16,6,2,339,3,207004
Literary,340,3132,55,307,0.275,0.198,0.621,0.181,23.046,17,,0,312,4,179166
Literary,1736,6813,104,1803,0.158,0.223,0.643,0.135,53.561,30,12,4,1041,22,508378
Western Stories,1310,3935,18,639,0.199,0.154,0.716,0.13,52.740,21,10,0,714,32,302850
Literary,645,2264,41,411,0.256,0.190,0.648,0.162,59.050,14,2,1,281,14,164776
Detective and Mystery,2312,7273,34,1461,0.139,0.179,0.647,0.174,52.721,24,7,6,748,18,510215
Literary,2285,5731,48,615,0.169,0.217,0.678,0.106,53.789,30,3,3,916,26,430253
Detective and Mystery,2160,4014,47,755,0.181,0.211,0.628,0.161,42.182,30,4,1,489,10,360246
Literary,2127,5991,138,1866,0.190,0.182,0.697,0.121,38.894,73,3,0,1353,46,501018
Literary,2549,6372,20,1199,0.160,0.223,0.649,0.128,61.886,14,7,8,522,7,426713
Literary,4629,7035,414,3616,0.164,0.242,0.632,0.126,43.661,64,16,4,1126,32,636048
Detective and Mystery,2383,6113,22,1481,0.160,0.210,0.637,0.154,54.238,24,6,7,554,31,357549
Literary,1110,4549,267,352,0.182,0.263,0.580,0.157,42.709,28,7,2,567,5,313301
Literary,2891,11221,126,2205,0.142,0.234,0.637,0.129,49.224,62,4,7,1186,17,715231
Literary,2047,7231,67,1423,0.173,0.232,0.626,0.142,51.275,39,7,1,805,13,477461
Detective and Mystery,1765,6426,60,740,0.163,0.196,0.687,0.116,56.146,21,4,2,901,10,369775
Literary,732,2201,41,514,0.315,0.222,0.647,0.131,47.898,5,1,0,243,5,155038
Literary,1627,5747,133,2162,0.189,0.175,0.681,0.144,46.666,23,6,3,1074,21,503552
Literary,1304,4560,46,981,0.172,0.228,0.639,0.133,47.082,26,6,2,1010,19,429918
Love and Romance,1898,6201,125,744,0.153,0.251,0.614,0.135,49.432,59,8,4,793,15,492610
Detective and Mystery,2470,7011,5,819,0.153,0.216,0.682,0.102,43.625,26,7,2,963,12,473339
Literary,2110,14640,131,2915,0.125,0.169,0.677,0.154,56.473,39,13,0,1944,28,798784
Literary,1273,5954,49,952,0.179,0.212,0.632,0.157,64.883,16,6,3,666,18,334953
Literary,3253,12247,233,1569,0.134,0.265,0.593,0.142,54.001,48,15,6,1635,11,669676
Detective and Mystery,954,3234,84,523,0.200,0.207,0.642,0.15,46.751,32,1,2,580,6,283227
Literary,1238,4839,36,999,0.207,0.257,0.635,0.109,43.270,29,7,3,642,4,337603
Literary,1033,4592,22,870,0.207,0.254,0.629,0.117,42.613,31,7,0,591,15,334549
Literary,1127,4596,30,952,0.189,0.215,0.630,0.156,42.984,28,5,0,636,8,369904
Literary,145,2158,17,410,0.363,0.224,0.658,0.118,41.834,13,3,0,246,4,122322
Literary,1076,9776,71,1778,0.184,0.236,0.636,0.128,38.673,55,6,1,1018,11,587810
Sea and Adventure,3307,9508,302,2330,0.111,0.196,0.658,0.146,42.025,97,2,2,1638,21,783355
Detective and Mystery,2972,11377,153,1855,0.134,0.230,0.609,0.16,55.571,50,13,7,1248,19,604998
Detective and Mystery,1609,4022,192,1135,0.162,0.160,0.704,0.136,60.726,10,3,2,730,12,374893
Literary,667,3062,66,470,0.258,0.243,0.658,0.1,47.164,9,5,2,492,13,202279
Ghost and Horror,615,4615,36,395,0.218,0.181,0.679,0.14,47.725,17,7,0,563,7,319196
Literary,4282,9773,115,2058,0.125,0.237,0.628,0.135,60.834,29,7,1,993,22,601030
Literary,6160,13923,79,1725,0.096,0.209,0.634,0.157,66.596,38,7,17,1459,13,816918
Sea and Adventure,1541,8858,46,1287,0.141,0.202,0.701,0.097,47.888,27,2,1,1387,13,587578
Literary,1205,5090,24,1042,0.175,0.200,0.626,0.174,50.045,33,2,2,602,13,393086
Literary,2516,8236,127,2591,0.156,0.236,0.622,0.142,49.400,56,10,2,1466,15,686540
Literary,3040,6720,28,849,0.165,0.199,0.673,0.127,38.073,32,6,2,771,31,529705
Detective and Mystery,3210,7435,25,1093,0.127,0.232,0.660,0.108,44.899,38,6,2,1250,19,624591
Literary,861,12702,218,3491,0.162,0.243,0.655,0.102,41.597,51,20,5,1923,20,668989
Literary,1674,5651,156,940,0.178,0.189,0.673,0.138,57.720,23,7,2,691,14,377034
Literary,1749,3737,33,541,0.210,0.228,0.643,0.129,40.104,15,2,0,533,4,290285
Literary,2038,6849,122,767,0.129,0.252,0.608,0.14,52.210,31,12,2,1406,19,635506
Literary,527,3570,62,317,0.252,0.237,0.645,0.118,29.272,29,1,0,364,2,216468
Literary,2052,7929,57,1608,0.125,0.206,0.661,0.134,64.647,31,7,1,1202,31,605261
Humorous and Wit and Satire,1076,4015,40,1004,0.190,0.229,0.620,0.151,69.153,20,9,0,644,19,269240
Detective and Mystery,1338,2752,32,660,0.159,0.151,0.740,0.109,57.133,22,1,1,532,9,258737
Detective and Mystery,2259,7274,154,534,0.139,0.191,0.677,0.132,44.902,40,9,0,1068,21,539448
Literary,1924,6428,49,1480,0.169,0.180,0.695,0.125,38.368,60,4,4,1355,12,523877
Literary,4204,7798,141,2264,0.159,0.202,0.690,0.108,42.424,69,16,7,1794,31,679791
Literary,2780,10236,138,1578,0.112,0.220,0.615,0.165,54.336,59,9,7,1845,23,700886
Literary,2466,8498,125,1618,0.177,0.220,0.635,0.144,42.097,37,7,2,1145,21,657085
Literary,873,10024,259,1765,0.184,0.243,0.653,0.104,42.553,39,18,1,1302,16,572848
Literary,813,9741,287,1720,0.173,0.228,0.638,0.134,46.213,53,25,2,1370,23,574974
Love and Romance,5646,11219,33,1263,0.095,0.254,0.651,0.095,59.702,78,24,7,1665,41,947742
Literary,2818,6614,304,1197,0.132,0.247,0.634,0.12,55.326,30,8,1,1100,12,361098
Literary,862,4112,77,584,0.217,0.196,0.643,0.161,48.304,16,1,0,680,8,294582
Detective and Mystery,2766,5352,524,1732,0.179,0.204,0.671,0.124,43.302,19,2,2,680,17,405357
Literary,774,9662,326,4361,0.164,0.236,0.657,0.107,42.890,66,21,2,1674,21,678388
Literary,3324,8868,105,1431,0.166,0.241,0.591,0.169,47.664,27,5,3,1233,26,599311
Literary,746,3118,22,204,0.212,0.264,0.599,0.137,56.042,12,7,2,344,23,212898
Detective and Mystery,3952,10220,386,1361,0.139,0.197,0.660,0.143,49.818,38,12,0,1535,32,621909
Literary,3164,9571,74,1387,0.115,0.249,0.597,0.154,56.663,31,10,2,1517,13,670720
Literary,1414,3829,78,1120,0.169,0.201,0.667,0.132,58.374,18,11,0,478,20,294765
Literary,1011,13613,180,3420,0.137,0.239,0.635,0.126,44.940,55,26,4,1974,27,711545
Literary,1740,7263,28,2067,0.208,0.266,0.607,0.128,35.558,42,11,0,1368,21,590516
Literary,1233,3872,42,474,0.224,0.261,0.607,0.133,44.312,14,3,1,458,16,274667
Literary,2055,3696,29,937,0.177,0.206,0.649,0.145,51.789,10,3,3,510,4,283530
Sea and Adventure,2191,7544,75,1890,0.168,0.193,0.664,0.143,48.394,32,5,4,1102,8,553626
Literary,1938,7217,26,2316,0.180,0.204,0.659,0.137,44.291,31,6,2,1312,13,566408
Literary,1713,7260,111,995,0.185,0.204,0.652,0.143,43.663,31,7,4,1024,19,431342
Literary,5841,17512,193,2200,0.093,0.234,0.607,0.159,57.367,47,11,8,2007,28,1028516
Detective and Mystery,2088,5846,152,703,0.151,0.223,0.625,0.151,52.742,36,6,6,865,9,443846
Literary,2095,11783,164,1491,0.114,0.185,0.659,0.156,67.152,27,8,0,1473,23,639528
Sea and Adventure,1176,4718,5,602,0.205,0.189,0.672,0.139,43.979,31,5,3,722,8,325898
Literary,2602,7405,40,1748,0.129,0.276,0.612,0.112,61.073,65,9,7,728,19,526510
Western Stories,1831,4809,117,1273,0.169,0.163,0.693,0.144,47.919,14,5,0,1013,15,413920
Literary,1676,7678,119,1998,0.153,0.226,0.664,0.11,50.977,37,12,2,1078,15,567989
Detective and Mystery,1557,3367,29,921,0.218,0.188,0.671,0.141,51.023,22,5,2,734,13,335497
Literary,554,2364,46,590,0.227,0.241,0.610,0.149,54.116,14,5,2,390,14,189411
Literary,2706,7041,80,1538,0.153,0.206,0.680,0.114,56.364,30,9,4,1270,32,588091
Humorous and Wit and Satire,2340,5410,90,1235,0.224,0.175,0.715,0.11,49.163,13,4,0,560,28,379577
Literary,73,522,1,129,0.457,0.182,0.722,0.096,51.488,7,,0,90,1,40482
Literary,422,2973,73,337,0.220,0.239,0.623,0.138,63.043,9,3,2,378,11,163219
Literary,1038,5061,239,411,0.180,0.226,0.653,0.12,54.669,19,3,3,644,5,275171
Literary,1211,4303,64,1285,0.202,0.191,0.706,0.103,52.433,34,3,1,671,16,349998
Detective and Mystery,1734,4331,14,499,0.172,0.162,0.682,0.155,41.587,27,5,4,864,10,454756
Literary,1513,5232,61,1649,0.146,0.249,0.654,0.097,55.726,27,14,2,899,16,506979
Love and Romance,2410,6979,165,1300,0.192,0.249,0.637,0.114,51.135,8,8,0,639,22,398824
Literary,1886,5823,56,1051,0.172,0.195,0.666,0.139,52.467,37,15,3,911,10,470918
Literary,5740,11630,294,3090,0.132,0.226,0.644,0.13,53.629,54,11,10,1783,19,931170
Literary,85,202,10,59,0.569,0.220,0.644,0.136,41.854,1,,0,23,2,17313
Literary,1041,3642,10,1084,0.222,0.260,0.655,0.085,53.122,13,4,5,467,11,259933
Detective and Mystery,1240,3402,12,389,0.192,0.171,0.674,0.156,38.941,22,1,2,752,7,380415
Literary,1316,3689,35,1277,0.208,0.185,0.698,0.118,52.343,30,7,3,546,11,327283
Literary,1361,4892,68,857,0.183,0.272,0.614,0.114,41.594,28,8,1,818,20,358405
Literary,3201,8427,66,881,0.125,0.196,0.687,0.117,52.675,71,20,1,1487,62,776250
Literary,1559,4840,39,713,0.188,0.207,0.683,0.11,67.511,40,8,12,624,31,304823
Literary,1548,5642,11,897,0.206,0.188,0.698,0.114,51.383,41,14,5,735,11,390695
Humorous and Wit and Satire,2636,5904,90,1328,0.195,0.245,0.617,0.138,39.998,30,11,3,918,45,555314
Literary,792,3578,17,603,0.255,0.244,0.626,0.13,45.447,15,4,2,469,10,245814
Literary,791,3221,19,575,0.239,0.234,0.616,0.15,47.447,10,4,0,463,5,244468
Literary,1712,5712,423,1579,0.163,0.221,0.649,0.13,54.984,31,7,2,933,33,479317
Literary,2856,6777,239,2018,0.185,0.204,0.694,0.102,38.170,36,10,4,992,17,559151
Literary,1093,7846,36,839,0.163,0.227,0.641,0.132,52.292,29,6,0,783,14,430844
Literary,1846,3846,20,794,0.164,0.244,0.606,0.15,35.399,18,19,0,1233,12,531808
Literary,1435,3762,145,709,0.183,0.187,0.692,0.12,58.729,10,2,3,465,5,262276
Literary,1386,3871,142,613,0.182,0.166,0.685,0.15,57.593,12,6,0,507,5,263127
Literary,64,144,6,24,0.595,0.194,0.703,0.102,60.603,2,,0,22,,10143
Literary,1678,5580,54,1050,0.166,0.167,0.716,0.117,49.581,36,4,3,1138,13,438393
Literary,1,0,0,0,1.000,0.000,1.000,0,0.000,,,0,,,3
Literary,2484,6247,132,1401,0.138,0.200,0.677,0.123,50.768,41,2,1,1419,17,595419
Literary,1411,2679,31,999,0.252,0.222,0.667,0.111,46.976,6,5,0,521,9,237397
Literary,277,1055,18,57,0.354,0.230,0.645,0.124,27.225,6,2,1,155,,83216
Literary,1401,4293,86,614,0.219,0.261,0.546,0.193,44.581,26,2,4,511,33,300499
Detective and Mystery,2768,7962,147,687,0.167,0.192,0.698,0.11,47.964,29,8,1,1091,40,487678
Detective and Mystery,2187,5764,44,934,0.157,0.192,0.684,0.125,50.289,29,4,2,1142,11,428319
Literary,2237,7691,30,2128,0.159,0.168,0.690,0.141,51.041,37,2,3,1316,11,574881
Literary,1315,3925,53,636,0.209,0.287,0.602,0.112,50.240,12,3,6,501,6,269073
Literary,1297,4568,22,502,0.181,0.248,0.582,0.17,57.045,33,7,1,523,5,287848
Literary,1442,4781,40,500,0.160,0.229,0.570,0.201,61.739,31,5,0,492,12,289340
Literary,738,3617,73,639,0.220,0.292,0.591,0.117,32.115,17,2,1,338,16,232404
Literary,831,3329,13,601,0.233,0.212,0.658,0.13,49.976,14,8,0,414,14,236982
Literary,1892,4793,75,407,0.117,0.178,0.696,0.126,60.642,9,10,1,1094,63,446817
Literary,872,4879,9,662,0.228,0.273,0.588,0.139,46.083,12,2,1,420,4,222542
Literary,1735,5826,177,950,0.162,0.178,0.705,0.117,52.919,29,3,4,719,20,403939
Detective and Mystery,3566,8355,50,1109,0.144,0.249,0.620,0.131,46.656,45,9,13,1136,20,654556
Literary,417,2922,179,357,0.250,0.227,0.618,0.155,24.694,13,4,0,182,2,157411
Literary,2489,6161,215,759,0.151,0.224,0.657,0.119,45.620,40,15,5,1404,16,634028
Sea and Adventure,474,2553,19,161,0.203,0.198,0.680,0.123,52.380,9,3,0,394,4,202530
Literary,1893,5673,166,939,0.168,0.191,0.649,0.16,38.196,36,15,1,1349,31,611886
Literary,1690,5621,101,1018,0.152,0.206,0.686,0.108,53.519,37,3,2,736,19,395699
Literary,1940,5593,253,835,0.158,0.172,0.681,0.147,52.487,21,4,3,656,15,395441
Literary,1422,3401,54,579,0.188,0.222,0.628,0.15,56.958,24,1,2,659,18,292814
Literary,2374,8956,35,1039,0.187,0.208,0.649,0.143,47.501,35,8,3,1173,37,535171
Literary,2763,9052,31,4959,0.152,0.214,0.664,0.122,54.661,43,12,3,1389,26,640239
Humorous and Wit and Satire,1188,3798,93,412,0.189,0.251,0.637,0.112,51.317,23,6,2,555,14,299621
Detective and Mystery,2215,4291,156,957,0.158,0.182,0.720,0.098,50.974,11,6,0,863,27,374751
Literary,768,2944,49,720,0.242,0.235,0.642,0.122,47.996,11,4,2,463,13,223140
Literary,3152,11912,55,2496,0.109,0.229,0.625,0.146,52.812,52,11,1,2073,19,804966
Literary,576,2799,93,288,0.237,0.248,0.581,0.171,39.262,15,7,3,341,2,172173
Literary,908,5022,15,664,0.212,0.264,0.585,0.151,38.161,14,9,0,480,4,254172
Literary,2556,7378,172,1793,0.146,0.263,0.563,0.174,46.546,28,12,3,948,29,600505
Literary,707,3463,16,1240,0.254,0.243,0.654,0.103,49.810,18,8,1,663,10,261968
Literary,689,2950,11,1103,0.250,0.234,0.638,0.128,50.226,21,8,1,482,5,231710
Literary,1641,4379,149,2304,0.151,0.187,0.690,0.123,57.339,30,8,3,802,6,407083
Detective and Mystery,3546,5732,16,2310,0.133,0.199,0.674,0.127,56.021,43,10,2,1062,26,574342
Literary,1242,4614,29,406,0.192,0.238,0.616,0.147,55.321,30,5,0,581,12,284523
Literary,669,4480,63,556,0.250,0.242,0.609,0.149,40.231,38,7,3,543,11,256804
Literary,737,4030,65,465,0.249,0.222,0.633,0.146,36.144,22,9,3,539,11,252533
Literary,769,3673,43,429,0.239,0.197,0.630,0.173,35.339,36,3,3,504,12,247262
Literary,2183,4574,74,1753,0.137,0.196,0.689,0.115,59.373,40,2,2,803,8,436508
Literary,2199,5229,10,1978,0.167,0.193,0.696,0.111,49.726,32,12,1,938,7,481081
Literary,1249,1912,34,902,0.224,0.190,0.680,0.129,51.029,17,2,0,386,2,207986
Ghost and Horror,264,2157,69,300,0.305,0.270,0.613,0.116,32.927,13,5,0,343,1,127535
Detective and Mystery,882,1634,6,264,0.190,0.152,0.738,0.109,55.518,10,1,0,285,8,151368
Detective and Mystery,1073,3918,83,389,0.178,0.215,0.630,0.156,39.231,10,5,0,582,10,288356
Detective and Mystery,2612,5298,113,865,0.192,0.205,0.668,0.126,43.761,37,10,1,649,18,465659
Literary,727,4116,18,774,0.203,0.242,0.625,0.132,45.269,22,5,0,433,8,249261
Literary,971,5459,1,1042,0.167,0.208,0.658,0.134,63.567,48,4,0,877,7,374348
Literary,1357,3627,34,698,0.210,0.214,0.654,0.133,55.319,11,2,1,555,11,287073
Literary,2126,2524,509,1498,0.209,0.237,0.603,0.159,51.723,17,5,1,463,10,327677
Literary,956,2337,21,521,0.283,0.236,0.654,0.111,49.772,6,1,3,221,5,178401
Literary,1056,3211,22,436,0.226,0.254,0.611,0.135,65.606,10,1,0,338,2,173711
Literary,2107,5652,89,956,0.169,0.253,0.591,0.156,61.449,14,6,2,602,12,314410
Literary,2244,6425,118,1077,0.168,0.195,0.617,0.188,68.681,13,3,2,573,12,318918
Literary,3196,16811,567,1678,0.098,0.202,0.679,0.119,61.163,65,7,5,2251,35,939386
Detective and Mystery,1185,3657,16,751,0.195,0.206,0.680,0.114,52.836,15,6,1,642,6,310745
Literary,1866,31279,456,2223,0.088,0.235,0.620,0.145,13.711,109,7,27,3857,45,1823109
Literary,549,1816,53,242,0.329,0.244,0.633,0.122,53.298,8,,1,184,3,105456
Literary,2101,7089,15,1147,0.168,0.224,0.631,0.145,34.641,19,7,2,905,13,452352
Literary,1661,5980,11,882,0.215,0.192,0.652,0.155,35.215,14,5,1,826,15,375208
Detective and Mystery,1898,5763,13,1199,0.161,0.210,0.636,0.154,40.925,26,5,0,892,33,444314
Literary,1609,4337,11,957,0.157,0.189,0.646,0.165,65.304,26,3,2,697,24,337960
Literary,254,2253,18,905,0.220,0.258,0.624,0.118,56.811,6,1,4,220,6,157308
Literary,476,4368,86,625,0.296,0.242,0.671,0.087,26.406,18,2,1,536,11,253943
Literary,1518,13983,183,4578,0.123,0.209,0.653,0.138,27.548,73,11,3,1814,74,882627
Literary,336,1860,24,705,0.316,0.186,0.693,0.121,53.211,11,2,0,304,9,139944
Sea and Adventure,771,3602,68,652,0.203,0.157,0.706,0.137,56.097,10,7,1,720,5,261693
Sea and Adventure,1228,4505,85,695,0.211,0.175,0.720,0.105,52.102,24,7,1,668,1,287784
Sea and Adventure,1015,3535,99,659,0.226,0.173,0.698,0.129,52.013,12,3,0,642,8,255973
Literary,1175,4303,30,624,0.174,0.251,0.602,0.147,50.706,18,6,1,589,3,305594
Literary,1376,3969,16,504,0.178,0.247,0.577,0.176,52.811,17,2,0,484,7,275362
Literary,1684,4302,29,513,0.164,0.272,0.575,0.154,54.139,16,4,2,544,9,298090
Literary,1269,12466,176,4036,0.141,0.238,0.638,0.125,28.066,53,15,0,1600,44,751036
Literary,970,3782,46,1649,0.229,0.265,0.613,0.122,43.916,17,5,1,597,21,311598
Literary,969,3396,70,1244,0.226,0.250,0.599,0.151,45.846,15,10,1,568,24,294417
Literary,1183,3796,60,1520,0.221,0.214,0.631,0.155,48.270,16,9,2,702,20,326675
Literary,1002,4491,77,835,0.237,0.242,0.640,0.118,40.257,12,6,2,684,17,357401
Literary,1034,3996,55,734,0.239,0.244,0.618,0.138,40.531,22,7,0,694,9,331147
Literary,1114,4064,67,713,0.245,0.237,0.611,0.152,43.000,11,5,6,638,19,320788
Detective and Mystery,1206,5386,296,864,0.194,0.212,0.654,0.134,41.017,17,4,3,587,11,373113
Literary,1241,3637,42,1107,0.198,0.192,0.700,0.108,52.265,13,5,0,660,25,302084
Literary,187,808,11,136,0.454,0.190,0.645,0.165,39.945,6,1,0,123,2,57326
Detective and Mystery,1604,5065,81,462,0.168,0.194,0.634,0.172,47.320,28,2,0,528,28,337688
Literary,1881,7946,44,1680,0.185,0.222,0.647,0.132,56.184,25,10,6,904,19,476076
Literary,1220,6268,11,601,0.178,0.265,0.585,0.15,47.072,17,4,2,612,7,318017
Literary,923,2332,47,374,0.301,0.214,0.658,0.128,44.373,9,9,0,329,11,177165
Literary,3717,15846,63,2719,0.108,0.201,0.639,0.16,57.931,67,9,5,1653,28,926474
Literary,904,3190,25,296,0.186,0.225,0.650,0.126,52.564,25,9,2,804,45,293187
Detective and Mystery,1609,4135,145,786,0.172,0.176,0.690,0.134,49.405,14,2,1,647,12,311400
Literary,1143,7317,707,1235,0.191,0.187,0.702,0.111,58.660,25,6,1,931,18,413692
Literary,3061,9876,137,2450,0.131,0.218,0.657,0.125,53.786,48,9,2,1519,25,807258
Literary,3367,5665,23,5047,0.136,0.195,0.669,0.136,46.673,13,6,1,1462,86,581110
Literary,2155,6928,63,1142,0.192,0.202,0.662,0.135,44.538,54,14,2,997,31,565895
Literary,932,3100,59,611,0.256,0.237,0.638,0.126,46.177,12,5,1,370,,224854
Literary,5335,13662,296,2045,0.086,0.314,0.558,0.128,58.499,67,17,4,1567,30,923737
Literary,1401,4714,51,1039,0.216,0.180,0.705,0.116,47.227,35,11,2,732,17,336508
Detective and Mystery,1134,2216,110,443,0.177,0.127,0.753,0.12,41.227,22,,1,444,19,267852
Literary,501,4321,82,514,0.281,0.260,0.649,0.092,29.087,20,2,4,534,10,244582
Western Stories,3111,8623,272,445,0.134,0.214,0.636,0.15,39.009,21,6,3,864,25,590783
Western Stories,2756,8390,249,419,0.139,0.203,0.628,0.169,38.940,13,5,4,758,19,498279
Literary,1087,3649,13,294,0.229,0.281,0.567,0.152,51.157,18,,1,435,14,240745
Literary,1144,4112,6,459,0.219,0.254,0.594,0.152,52.283,14,3,1,526,12,267709
Literary,972,3879,14,229,0.229,0.257,0.557,0.186,46.450,18,2,4,480,8,253765
Literary,1574,4575,51,972,0.146,0.287,0.565,0.148,57.460,23,7,7,631,14,351271
Western Stories,1730,5153,23,511,0.169,0.209,0.664,0.127,53.173,19,4,0,763,15,425553
Literary,1556,9184,175,2515,0.127,0.238,0.650,0.112,43.745,36,11,3,853,29,629366
Literary,691,4443,86,626,0.225,0.259,0.620,0.121,29.851,24,5,0,615,13,310324
Literary,757,4355,107,552,0.219,0.267,0.606,0.127,21.510,29,1,1,641,14,334554
Literary,800,4046,72,503,0.206,0.255,0.590,0.155,28.863,29,6,4,679,20,330707
Literary,863,2917,36,641,0.231,0.226,0.651,0.123,50.886,11,2,2,424,5,237722
Literary,932,2884,50,628,0.212,0.204,0.680,0.116,53.694,20,9,1,526,4,246461
Literary,987,2845,17,508,0.207,0.220,0.635,0.145,55.406,14,7,2,480,6,247287
Literary,1958,4205,75,1110,0.145,0.206,0.656,0.138,57.452,26,6,2,638,10,421289
Literary,882,2293,8,389,0.205,0.215,0.605,0.18,44.222,16,6,0,581,8,297883
Literary,1717,2482,4,439,0.182,0.184,0.638,0.178,61.411,11,5,1,665,5,296184
Literary,2936,7538,142,1050,0.150,0.254,0.603,0.142,61.251,20,10,7,1134,14,528218
Literary,803,1441,18,641,0.265,0.218,0.636,0.146,60.967,7,4,1,266,14,117906
Literary,916,4369,61,670,0.248,0.194,0.647,0.159,52.126,19,1,1,633,13,292334
Detective and Mystery,2686,5845,24,1354,0.144,0.197,0.641,0.162,56.052,19,13,3,515,32,351129
Literary,915,2047,78,591,0.218,0.192,0.658,0.15,50.368,25,1,2,278,4,184277
Literary,725,2296,49,609,0.251,0.183,0.672,0.146,53.978,21,5,1,336,4,186884
Literary,932,2255,54,678,0.247,0.211,0.643,0.146,55.327,20,2,1,330,8,179762
Literary,1837,4136,49,891,0.177,0.215,0.668,0.117,51.480,22,6,5,955,75,423537
Literary,1606,4676,14,939,0.192,0.212,0.676,0.113,42.215,35,10,0,1114,15,435025
Detective and Mystery,1303,4701,37,434,0.173,0.228,0.672,0.099,43.458,19,1,4,624,11,345746
Detective and Mystery,1095,3301,317,633,0.218,0.211,0.640,0.149,45.853,13,8,1,494,30,250619
Detective and Mystery,775,3217,26,500,0.205,0.254,0.584,0.162,44.383,13,3,4,434,8,240214
Detective and Mystery,654,3133,20,434,0.204,0.231,0.619,0.15,47.856,6,2,1,446,5,222217
Literary,2732,7026,9,2208,0.139,0.232,0.657,0.111,56.580,41,11,4,1074,31,577002
Literary,3536,9377,189,1363,0.140,0.259,0.545,0.196,53.686,25,5,1,1071,22,589260
Literary,222,851,30,185,0.480,0.242,0.604,0.154,25.409,9,,0,119,2,79094
Literary,2948,10674,199,1818,0.113,0.271,0.611,0.118,52.240,52,9,6,1247,31,687849
Christmas Stories,2752,11892,138,4230,0.117,0.255,0.622,0.123,57.445,40,18,11,1629,34,812861
Literary,762,2410,2,483,0.262,0.213,0.668,0.119,51.764,23,2,0,363,6,229413
Literary,3527,15808,222,2546,0.120,0.229,0.613,0.158,54.940,74,23,3,1673,15,822851
Literary,1184,5777,57,873,0.173,0.278,0.612,0.109,46.508,12,8,1,701,14,381484
Literary,874,4828,43,770,0.178,0.272,0.593,0.136,48.241,10,3,3,735,13,341739
Sea and Adventure,2740,9455,107,801,0.147,0.227,0.614,0.159,35.257,27,11,5,1179,13,553018
Literary,432,3671,259,635,0.250,0.310,0.567,0.123,20.832,27,4,1,477,6,270741
Western Stories,3076,9774,243,749,0.135,0.217,0.621,0.162,40.986,24,17,4,922,18,559116
Literary,714,6589,163,513,0.222,0.221,0.670,0.109,41.805,15,5,0,606,6,297499
Literary,341,2735,84,449,0.359,0.222,0.657,0.122,29.961,10,2,0,340,10,159098
Literary,1888,2939,63,858,0.271,0.221,0.650,0.129,45.586,14,5,1,480,8,255729
Sea and Adventure,2353,6497,230,404,0.185,0.207,0.629,0.165,34.660,23,8,3,828,12,436249
Literary,3581,11062,509,541,0.127,0.241,0.617,0.141,33.461,29,6,6,1150,15,680926
Sea and Adventure,2692,9136,126,753,0.144,0.212,0.642,0.146,37.396,29,6,2,942,13,582812
Ghost and Horror,602,3114,30,248,0.236,0.170,0.729,0.101,40.686,19,2,1,511,2,217422
Literary,3180,10820,262,1523,0.138,0.214,0.651,0.135,38.787,43,10,2,2155,37,879509
Christmas Stories,572,1230,34,235,0.266,0.235,0.654,0.111,55.320,6,5,0,263,10,146748
Literary,2558,5738,134,531,0.161,0.231,0.558,0.211,52.887,15,7,1,617,15,382716
Literary,2319,6134,271,955,0.152,0.257,0.540,0.203,54.564,12,7,2,654,20,417264
Literary,4284,10953,126,2078,0.118,0.251,0.617,0.132,62.303,26,6,3,1216,31,666898
Detective and Mystery,2602,6694,16,738,0.159,0.223,0.642,0.135,55.364,16,8,2,586,13,399942
Detective and Mystery,2223,6466,44,1235,0.168,0.222,0.655,0.124,51.933,18,7,0,552,38,359188
Literary,1537,3856,22,1301,0.179,0.214,0.635,0.151,45.732,33,4,1,778,21,495858
Detective and Mystery,2573,5802,42,1006,0.165,0.203,0.653,0.144,54.134,19,2,2,529,7,353824
Literary,433,1729,48,341,0.362,0.273,0.619,0.108,44.039,2,1,1,213,1,109005
Western Stories,1712,6288,67,545,0.225,0.206,0.653,0.141,47.665,35,8,5,881,17,419642
Literary,217,976,29,155,0.343,0.248,0.659,0.093,45.672,8,2,0,107,6,71585
Western Stories,2295,6163,35,438,0.182,0.233,0.615,0.152,32.326,17,5,6,616,22,366829
Literary,3026,8274,57,838,0.146,0.237,0.623,0.14,33.022,24,7,3,918,12,492548
Literary,2211,5794,55,383,0.169,0.239,0.615,0.146,37.137,23,1,3,597,38,343168
Western Stories,1286,1879,8,163,0.237,0.222,0.588,0.191,65.508,10,4,0,193,3,130153
Detective and Mystery,2086,6152,52,930,0.172,0.222,0.626,0.152,47.289,25,6,3,566,9,395987
Detective and Mystery,2246,6133,10,788,0.154,0.210,0.687,0.102,43.177,27,6,4,979,9,454359
Literary,577,4951,58,1151,0.197,0.242,0.622,0.136,39.186,40,3,4,594,4,316717
Literary,441,5210,77,959,0.195,0.221,0.633,0.146,41.414,28,5,7,733,8,337194
Literary,128,1268,12,212,0.338,0.244,0.609,0.146,39.943,14,3,2,181,3,83542
Literary,908,2347,137,410,0.260,0.331,0.531,0.139,50.705,3,5,1,219,4,145414
Detective and Mystery,2314,6212,24,1209,0.156,0.223,0.652,0.125,56.176,30,6,3,497,35,357469
Detective and Mystery,1959,6602,12,811,0.170,0.201,0.650,0.15,53.965,24,3,3,526,32,343373
Detective and Mystery,2600,6107,55,557,0.165,0.228,0.646,0.126,55.223,24,12,1,644,38,373557
Literary,695,4993,82,965,0.187,0.248,0.601,0.152,47.122,25,12,0,716,9,340716
Literary,2145,6513,54,718,0.141,0.274,0.613,0.113,44.297,17,17,2,869,7,443080
Literary,1406,2182,7,801,0.171,0.234,0.700,0.066,69.653,11,3,1,423,10,209958
Detective and Mystery,992,2688,89,533,0.195,0.198,0.676,0.127,46.951,24,2,0,333,13,208358
Western Stories,2130,3763,67,715,0.151,0.128,0.724,0.148,65.936,35,22,2,702,35,359411
Literary,3069,10829,62,3225,0.184,0.242,0.601,0.157,36.950,45,12,3,1645,22,789532
Love and Romance,3421,16152,177,8455,0.117,0.250,0.636,0.114,45.054,74,38,6,2315,59,1234927
Detective and Mystery,2835,5838,40,777,0.144,0.193,0.678,0.129,44.989,26,2,2,779,18,484786
Detective and Mystery,1187,6183,15,945,0.198,0.222,0.644,0.135,49.289,27,5,1,716,13,380231
Literary,2102,8674,250,1150,0.158,0.233,0.650,0.116,59.982,28,14,3,1110,62,447797
Literary,2063,10825,109,2023,0.098,0.243,0.636,0.121,56.773,26,9,6,1671,14,756691
Literary,3998,11243,54,1638,0.089,0.229,0.630,0.142,60.142,34,7,21,911,25,729070
Literary,1951,3623,36,898,0.181,0.174,0.708,0.118,50.482,19,7,0,840,23,456602
Literary,935,4128,47,421,0.254,0.264,0.626,0.111,39.626,9,5,1,397,8,254004
Detective and Mystery,1829,4639,72,829,0.137,0.191,0.679,0.13,54.547,13,7,5,914,30,405737
Literary,893,2946,174,533,0.217,0.223,0.701,0.076,32.450,21,3,1,410,45,272927
Literary,901,2938,126,392,0.211,0.265,0.553,0.181,46.977,14,3,1,334,6,220784
Literary,2414,7354,26,2189,0.157,0.240,0.617,0.143,38.984,56,16,2,1252,17,637521
Literary,543,3847,69,954,0.245,0.243,0.624,0.133,50.779,29,7,5,701,6,236951
Literary,621,3450,78,901,0.237,0.230,0.617,0.153,48.032,13,4,0,547,6,211943
Literary,468,3412,55,762,0.257,0.227,0.636,0.138,47.245,17,3,0,586,11,213678
Literary,2156,4459,64,708,0.183,0.225,0.641,0.135,50.536,38,3,3,763,29,425413
Literary,2413,8744,62,635,0.136,0.282,0.607,0.11,55.099,26,15,0,1094,7,538009
Literary,729,3264,7,172,0.231,0.245,0.636,0.119,42.762,20,4,2,546,11,219854
Literary,142,563,19,239,0.486,0.243,0.624,0.133,42.386,4,3,0,80,2,36275
Sea and Adventure,619,3189,28,198,0.179,0.185,0.680,0.135,56.636,20,,1,479,18,244877
Literary,1230,4918,109,1548,0.185,0.253,0.612,0.135,52.668,28,12,3,611,8,290943
Literary,1312,5151,119,1380,0.170,0.249,0.601,0.15,54.147,38,5,6,621,7,298864
Literary,407,1775,16,325,0.227,0.201,0.652,0.147,60.422,4,1,1,279,3,135804
Literary,1731,6949,134,1508,0.183,0.215,0.646,0.139,46.230,29,8,1,893,17,497737
Love and Romance,1853,5872,88,1274,0.182,0.207,0.710,0.083,57.680,38,20,12,1157,46,476714
Literary,1762,8008,116,744,0.106,0.249,0.599,0.152,60.823,14,16,3,1113,17,548588
Sea and Adventure,1767,5124,92,1444,0.190,0.258,0.594,0.149,42.903,26,10,1,784,16,420855
Literary,4342,10407,135,1283,0.135,0.230,0.642,0.129,55.942,37,8,3,1105,17,610098
Literary,1149,5790,83,1155,0.193,0.251,0.592,0.156,49.140,12,7,5,735,17,326011
Literary,3725,8349,89,865,0.128,0.247,0.637,0.116,42.125,26,4,1,873,17,545188
Literary,1672,14424,167,2438,0.130,0.211,0.656,0.132,43.971,77,13,7,2128,25,883684
Literary,2559,14985,325,3330,0.103,0.233,0.661,0.106,47.498,83,10,8,1972,49,886471
Western Stories,2048,7281,25,1163,0.129,0.172,0.670,0.159,57.063,37,13,2,1179,23,585788
Detective and Mystery,2522,5580,63,1418,0.155,0.232,0.617,0.152,54.054,39,6,9,543,27,351809
Literary,4972,12828,106,2935,0.105,0.257,0.608,0.135,64.766,45,36,2,1373,29,803449
Literary,1918,18183,226,2564,0.108,0.216,0.647,0.137,37.824,88,14,14,2791,29,1083372
Detective and Mystery,3054,5659,45,646,0.130,0.129,0.750,0.121,50.307,16,4,1,883,11,483607
Literary,1885,17533,72,3859,0.100,0.244,0.633,0.123,46.191,73,13,10,2178,39,928956
Literary,2129,14431,94,2493,0.113,0.228,0.646,0.126,49.367,66,12,4,1880,37,820885
Literary,930,5899,338,1354,0.184,0.216,0.619,0.165,63.831,17,11,2,490,9,322986
Detective and Mystery,3199,5559,43,799,0.156,0.162,0.711,0.127,44.410,13,3,1,592,20,427999
Literary,627,5852,17,1782,0.198,0.231,0.660,0.109,39.164,52,4,3,879,8,337430
Literary,715,5702,8,1389,0.178,0.193,0.660,0.147,41.007,38,3,5,766,9,325708
Literary,682,5903,8,1501,0.176,0.213,0.633,0.154,40.978,42,4,4,849,11,340335
Love and Romance,2806,7494,48,6025,0.128,0.287,0.588,0.124,52.254,34,10,3,1317,16,714416
Literary,2178,14645,319,3222,0.108,0.208,0.652,0.14,48.872,81,11,6,2069,23,905470
Literary,55,2128,88,428,0.221,0.180,0.691,0.129,38.098,17,15,2,1031,22,385314
Detective and Mystery,2570,12232,97,2366,0.108,0.218,0.651,0.131,37.122,83,8,8,1456,16,940645
Literary,1250,3353,62,780,0.197,0.212,0.684,0.104,47.570,12,6,2,689,10,305908
Literary,1231,3170,53,720,0.183,0.229,0.669,0.103,49.303,15,3,3,696,20,297471
Literary,2480,6523,115,1500,0.136,0.218,0.676,0.106,48.422,27,9,5,1385,30,603376
Literary,2159,5651,86,2080,0.144,0.235,0.660,0.105,47.042,39,13,2,1189,20,649759
Literary,1600,3564,140,1387,0.148,0.228,0.628,0.144,51.941,20,9,5,867,13,433014
Literary,566,3979,47,763,0.281,0.226,0.668,0.106,37.459,27,3,7,509,12,228111
Literary,540,3695,19,730,0.285,0.223,0.646,0.13,37.302,16,4,0,436,5,208069
Literary,243,1834,18,383,0.395,0.234,0.662,0.104,33.626,11,,2,247,3,104172
Literary,278,2132,12,340,0.356,0.227,0.661,0.112,35.037,9,2,1,308,4,127598
Literary,549,3412,26,664,0.288,0.235,0.638,0.127,38.067,12,,2,495,7,196159
Literary,618,3618,26,704,0.284,0.233,0.660,0.106,40.317,10,,2,495,3,205606
Literary,2791,18675,148,3591,0.131,0.235,0.655,0.11,37.463,85,10,14,2490,34,1070498
Sea and Adventure,127,1076,25,308,0.359,0.162,0.704,0.134,62.870,3,1,0,198,3,71809
Literary,1176,5614,10,684,0.230,0.260,0.612,0.128,47.543,20,16,4,503,18,271614
Literary,2694,6082,11,495,0.129,0.200,0.685,0.115,66.115,39,18,0,1045,49,428823
Literary,1419,6505,16,1191,0.195,0.264,0.600,0.136,43.036,14,13,2,576,20,357325
Detective and Mystery,1889,8233,399,1588,0.132,0.220,0.609,0.17,35.194,32,16,6,1319,93,674112
Literary,1283,5961,23,1597,0.250,0.237,0.626,0.137,27.943,37,8,0,1158,20,463098
Christmas Stories,183,538,10,92,0.372,0.223,0.647,0.13,73.582,6,1,1,79,1,36546
Literary,349,1151,195,258,0.328,0.193,0.614,0.193,42.321,6,3,0,240,15,116457
Literary,1149,3734,23,866,0.236,0.181,0.697,0.122,41.538,22,4,1,681,11,341395
Literary,663,1611,27,409,0.290,0.196,0.656,0.147,52.128,10,,1,261,5,128565
Literary,448,2854,6,447,0.241,0.214,0.635,0.15,51.627,8,1,1,415,4,194813
Humorous and Wit and Satire,1541,4921,182,825,0.126,0.172,0.701,0.127,72.301,48,7,1,1156,24,402176
Literary,2335,5999,159,950,0.152,0.216,0.649,0.134,54.586,23,9,5,920,20,533048
Literary,2795,9916,68,999,0.126,0.270,0.564,0.166,48.050,39,11,0,1554,28,739044
Literary,1901,5529,94,1870,0.172,0.230,0.638,0.132,52.084,22,8,1,814,9,400290
Literary,1419,12242,277,1939,0.140,0.229,0.645,0.126,38.309,50,21,5,1518,21,821617
Literary,2980,10613,126,1171,0.131,0.267,0.591,0.142,46.642,42,15,4,1538,14,727079
Love and Romance,734,4930,163,983,0.159,0.229,0.640,0.132,56.548,29,9,1,729,16,368425
Love and Romance,2889,7944,223,991,0.129,0.276,0.583,0.14,52.658,40,33,3,1188,31,598679
Literary,507,1936,26,351,0.269,0.238,0.623,0.139,61.093,7,4,2,218,3,127462
Literary,313,1353,17,283,0.296,0.212,0.630,0.158,58.432,,,0,196,3,98365
Literary,778,3219,62,701,0.207,0.217,0.625,0.159,60.117,10,3,9,416,8,237838
Literary,1491,5743,98,1143,0.161,0.220,0.626,0.154,59.747,16,4,11,710,10,406759
Literary,712,1992,52,405,0.230,0.240,0.644,0.117,65.496,5,2,0,252,5,150532
Literary,180,631,17,139,0.383,0.251,0.606,0.143,62.859,,,0,110,2,46617
Literary,699,2129,62,430,0.215,0.235,0.626,0.138,62.309,5,2,2,277,9,167823
Literary,1574,4682,127,961,0.158,0.248,0.631,0.122,63.677,9,4,1,632,15,359134
Literary,2520,10055,228,1209,0.129,0.246,0.597,0.157,40.949,48,16,7,1501,22,807127
Literary,5976,15995,430,1720,0.109,0.223,0.641,0.136,49.035,50,14,6,2156,119,1113927
Humorous and Wit and Satire,3464,6041,444,2026,0.158,0.201,0.647,0.152,51.476,28,15,0,1316,27,606340
Literary,2688,12083,447,2388,0.107,0.200,0.632,0.168,55.438,53,21,4,1387,47,846270
Literary,2080,4354,8,2056,0.181,0.221,0.677,0.102,50.905,22,2,6,739,8,413770
Literary,850,1549,43,200,0.278,0.152,0.729,0.119,52.392,6,1,0,324,9,133701
Literary,2122,6762,2,800,0.176,0.175,0.662,0.164,38.045,37,3,2,1109,7,518516
Literary,1357,6782,140,998,0.177,0.259,0.603,0.138,36.231,46,9,1,1246,14,494366
Literary,705,1895,48,178,0.266,0.198,0.640,0.162,46.455,9,2,1,270,4,143231
Detective and Mystery,2701,4811,121,1400,0.212,0.170,0.715,0.116,41.756,20,1,0,676,21,400982
Literary,1358,4422,69,1286,0.164,0.210,0.696,0.094,62.622,32,4,0,759,30,357796
Literary,1036,7612,236,497,0.148,0.221,0.647,0.133,53.900,39,4,1,973,21,426900
Literary,3257,12604,142,4123,0.111,0.229,0.612,0.16,57.808,81,6,5,1622,35,834619
Literary,576,3949,45,339,0.240,0.224,0.656,0.12,32.110,52,4,2,539,7,238147
Literary,129,1684,14,221,0.400,0.204,0.656,0.14,30.629,9,2,0,198,2,96644
Literary,11,1,0,0,0.933,0.195,0.684,0.121,72.040,,,0,,,235
Literary,969,8181,60,960,0.182,0.223,0.658,0.119,37.176,38,3,9,995,9,460989
Literary,22,483,3,40,0.480,0.292,0.569,0.14,31.985,4,,0,78,4,39343
Literary,1867,5403,39,1239,0.159,0.309,0.609,0.082,56.590,33,10,5,719,10,384297
Literary,70,647,30,113,0.498,0.264,0.595,0.14,21.136,13,1,0,122,1,50166
Literary,66,583,38,175,0.462,0.257,0.590,0.152,38.432,5,,1,110,2,53091
Literary,53,440,38,105,0.489,0.230,0.600,0.17,44.074,3,1,0,84,3,44507
Literary,52,753,76,180,0.430,0.200,0.628,0.172,42.263,4,1,0,168,,56602
Literary,197,2357,179,542,0.280,0.233,0.605,0.162,34.922,25,2,1,470,6,182736
Literary,2913,13821,146,2557,0.103,0.263,0.590,0.147,54.647,34,8,5,1569,51,976929
Literary,462,2506,19,94,0.286,0.259,0.625,0.117,28.494,5,4,2,251,3,152636
Literary,2895,6702,90,2230,0.162,0.225,0.644,0.132,43.865,27,10,4,1261,15,609140
Literary,685,2454,25,290,0.232,0.257,0.588,0.155,41.318,12,3,1,479,7,245311
Literary,243,511,23,210,0.465,0.200,0.700,0.1,46.068,,,0,79,8,49068
Literary,1878,10899,130,1660,0.147,0.260,0.611,0.129,46.366,44,27,2,1270,13,582026
Literary,2151,7400,168,679,0.151,0.245,0.618,0.137,52.300,28,7,4,1028,17,513141
Ghost and Horror,684,2723,57,198,0.243,0.192,0.691,0.117,39.391,20,2,1,511,5,198321
Literary,666,1897,19,478,0.288,0.173,0.703,0.124,53.508,11,1,5,258,4,126234
Literary,995,1763,13,587,0.367,0.246,0.665,0.089,50.692,3,1,0,212,4,125887
Sea and Adventure,5266,7186,171,2357,0.154,0.183,0.680,0.137,68.703,13,12,1,1152,23,544617
Literary,1333,2977,4,2250,0.202,0.246,0.639,0.115,50.143,41,8,1,921,11,331382
Literary,1544,8667,136,2084,0.173,0.235,0.649,0.115,57.530,49,8,2,1080,21,525090
Literary,2853,6569,76,693,0.143,0.236,0.615,0.149,42.795,28,6,0,1183,9,655095
Literary,3106,5239,108,1316,0.148,0.200,0.659,0.141,51.508,18,10,0,1023,10,496487
Literary,1618,9931,36,2410,0.168,0.240,0.617,0.144,31.639,54,14,4,1461,27,680967
Literary,1990,6401,12,626,0.159,0.233,0.630,0.137,34.484,30,5,2,1172,15,570063
Literary,1791,6197,61,911,0.191,0.184,0.675,0.142,44.102,16,8,4,774,206,485299
Literary,1517,4005,35,452,0.208,0.231,0.615,0.154,39.928,20,4,1,765,6,339544
Literary,3166,10490,97,1240,0.102,0.200,0.621,0.18,49.469,37,5,2,1446,26,763311
Literary,711,2011,64,584,0.379,0.201,0.664,0.135,34.588,6,4,1,306,3,140801
Literary,1772,4017,16,962,0.192,0.217,0.655,0.128,45.885,30,12,3,686,7,360931
Literary,912,1735,18,970,0.219,0.272,0.610,0.118,55.949,8,3,0,254,3,175608
Literary,1816,6897,112,3602,0.219,0.222,0.663,0.115,37.406,35,5,4,663,14,480023
Love and Romance,1168,3581,48,1287,0.189,0.267,0.620,0.113,58.948,11,4,3,527,9,290297
Literary,3358,11681,86,2882,0.133,0.241,0.634,0.125,44.903,43,6,5,1805,44,917131
Literary,3625,9002,98,4732,0.128,0.207,0.654,0.138,46.709,46,16,3,1623,25,847011
Literary,1408,6169,183,1047,0.184,0.277,0.574,0.149,31.109,41,20,1,1110,13,509857
Literary,3402,10981,313,3745,0.116,0.206,0.654,0.14,47.871,35,4,4,1867,20,877827
Literary,2587,9778,54,2274,0.132,0.249,0.606,0.145,41.693,39,8,4,1576,45,855244
Literary,1173,2620,9,323,0.223,0.229,0.640,0.13,49.826,10,,2,315,10,199840
Literary,901,4718,469,450,0.173,0.217,0.651,0.131,56.146,26,4,1,563,11,323299
Literary,2462,9544,98,2696,0.140,0.231,0.647,0.122,39.557,38,12,10,1674,49,920030
Literary,2980,7277,138,805,0.127,0.226,0.675,0.099,50.033,30,6,2,793,33,540639
Literary,119,1106,6,146,0.390,0.246,0.559,0.195,14.489,7,1,3,138,1,90623
Literary,2060,5595,27,1301,0.126,0.207,0.655,0.138,48.779,24,8,1,896,35,507345
Detective and Mystery,17,70,0,9,0.816,0.212,0.580,0.209,40.107,,,0,5,,4955
Literary,2310,5072,242,1429,0.212,0.217,0.665,0.117,48.131,20,8,1,704,16,400968
Detective and Mystery,1496,5304,32,2217,0.141,0.160,0.750,0.089,50.615,37,6,3,671,23,425402
Literary,2060,3979,96,1693,0.169,0.265,0.607,0.129,45.630,18,9,5,711,8,427704
Sea and Adventure,2505,6766,11,683,0.123,0.221,0.634,0.144,54.550,21,4,2,1025,19,521949
Literary,2523,12106,80,1004,0.111,0.258,0.611,0.131,51.468,44,4,1,1374,19,718352
Sea and Adventure,2136,6635,152,1703,0.200,0.165,0.688,0.147,42.718,33,10,1,1254,31,522680
Literary,2444,3871,104,817,0.174,0.231,0.647,0.121,50.502,10,5,2,572,25,356021
Literary,2280,6474,196,1802,0.173,0.205,0.672,0.122,51.347,20,14,2,1099,34,488360
Literary,1003,7007,130,590,0.133,0.265,0.628,0.107,39.866,54,7,2,899,12,466802
Detective and Mystery,2538,8267,71,1125,0.138,0.200,0.672,0.128,49.998,44,6,3,1234,25,614232
Detective and Mystery,3196,4433,153,1126,0.161,0.182,0.688,0.13,53.052,23,2,1,708,16,436500
Literary,751,2272,222,365,0.187,0.163,0.711,0.126,65.785,9,1,0,261,3,140639
Literary,855,2271,225,564,0.173,0.201,0.692,0.106,68.430,4,,0,277,4,153793
Literary,2041,9098,131,717,0.104,0.273,0.608,0.119,30.516,82,11,8,1172,12,688423
Sea and Adventure,1702,9230,297,1189,0.213,0.166,0.713,0.121,38.883,34,14,11,1580,16,557788
Sea and Adventure,2572,11373,596,2232,0.199,0.187,0.693,0.12,44.866,42,24,5,1628,29,611056
Literary,3818,16954,103,2318,0.117,0.194,0.682,0.124,53.235,57,12,0,1935,32,1001192
Literary,1782,12392,337,957,0.097,0.287,0.595,0.119,37.962,66,10,4,1674,29,883635
Literary,2291,11970,173,3668,0.087,0.291,0.590,0.119,41.801,85,18,5,1609,113,889559
Literary,1801,9878,65,1545,0.106,0.268,0.602,0.13,32.685,65,10,4,1169,22,675227
Christmas Stories,714,2804,59,319,0.280,0.233,0.637,0.13,58.346,4,5,3,389,2,162874
Detective and Mystery,770,3252,29,530,0.239,0.209,0.673,0.118,53.941,11,3,0,531,8,232952
Detective and Mystery,723,7117,65,1144,0.198,0.169,0.701,0.131,23.774,34,3,3,1092,30,476576
Detective and Mystery,846,7464,79,1803,0.203,0.174,0.677,0.149,24.020,36,3,5,1279,18,503405
Detective and Mystery,609,8354,40,1445,0.170,0.175,0.693,0.132,28.233,62,4,3,1525,22,549082
Detective and Mystery,947,7098,82,2186,0.229,0.201,0.684,0.116,24.207,41,7,1,992,52,454744
Literary,1833,11582,207,1901,0.205,0.259,0.620,0.121,38.750,52,7,1,1365,20,533550
Literary,2352,6703,669,1912,0.161,0.202,0.679,0.119,59.675,29,17,2,945,28,522474
Sea and Adventure,2404,18422,190,4063,0.140,0.161,0.725,0.114,44.141,71,47,6,2977,43,1166388
Detective and Mystery,1452,3248,18,403,0.186,0.191,0.670,0.14,51.190,11,3,2,762,6,308560
Literary,538,2159,179,596,0.273,0.175,0.731,0.095,48.449,12,3,2,221,33,144223
Literary,792,759,23,229,0.282,0.180,0.720,0.1,62.051,3,1,0,100,3,66151
Literary,141,66,3,45,0.484,0.222,0.660,0.118,36.704,,1,0,17,1,10162
Literary,1861,14117,192,3583,0.161,0.204,0.678,0.118,33.347,60,44,8,1924,21,894612
Sea and Adventure,1092,6176,103,868,0.228,0.166,0.730,0.104,38.270,19,3,3,998,7,372047
Literary,2152,6668,325,1455,0.176,0.195,0.691,0.114,48.901,15,3,1,943,15,471064
Literary,238,803,79,197,0.275,0.184,0.745,0.071,49.275,1,,0,70,49,45355
Literary,944,821,2,246,0.241,0.167,0.742,0.09,60.424,2,,0,183,2,72770
Detective and Mystery,1145,4957,67,755,0.191,0.182,0.692,0.126,43.914,28,7,2,997,9,412836
Literary,1778,5270,443,1310,0.178,0.226,0.658,0.116,54.271,17,12,1,569,10,350780
Literary,3839,16025,642,1905,0.122,0.193,0.665,0.142,47.850,53,9,5,1870,29,903322
Literary,7081,36118,454,4474,0.078,0.227,0.654,0.119,49.398,94,26,17,3931,522,1967040
Literary,2256,10397,146,1195,0.173,0.208,0.681,0.111,48.138,28,12,2,1159,17,613434
Detective and Mystery,2056,6090,19,797,0.162,0.186,0.691,0.123,50.585,35,6,1,953,16,477716
Detective and Mystery,2533,4275,131,860,0.180,0.198,0.651,0.151,45.281,13,6,1,418,8,328568
Literary,386,1659,34,252,0.342,0.176,0.696,0.128,52.043,6,1,0,206,19,98427
